/a X,/a Y,/b X,/b Y,/output X,/output Y
0,0,0,0,0,3.644899996390968e-08
5.859375e-14,0.000390625,5.859375e-14,0,5.859375e-14,1.007892860165201e-05
1.7578125e-13,0.001171875,1.7578125e-13,0,1.7578125e-13,3.171270177846947e-05
4.1015625e-13,0.002734375,4.1015625e-13,0,4.1015625e-13,6.802958931737427e-05
8.7890625e-13,0.005859375,8.7890625e-13,0,8.7890625e-13,0.0001154381803286784
1.81640625e-12,0.012109375,1.81640625e-12,0,1.81640625e-12,0.0001475091008965704
3.69140625e-12,0.024609375,3.69140625e-12,0,3.69140625e-12,0.0001475048950202459
7.44140625e-12,0.049609375,7.44140625e-12,0,7.44140625e-12,6.149763996107262e-06
1.494140625e-11,0.09960937499999999,1.494140625e-11,0,1.494140625e-11,4.764704323930559e-06
2.42303455172053e-11,0.1615356367813686,2.42303455172053e-11,0,2.42303455172053e-11,3.439796929125168e-06
4.28082240516159e-11,0.285388160344106,4.28082240516159e-11,0,4.28082240516159e-11,4.977305627500282e-06
7.99639811204371e-11,0.5330932074695807,7.99639811204371e-11,0,7.99639811204371e-11,-9.390780976946504e-06
1.006671592566314e-10,0.6711143950442091,1.006671592566314e-10,0,1.006671592566314e-10,-4.383624771489203e-05
1.236089300924445e-10,0.8240595339496303,1.236089300924445e-10,0,1.236089300924445e-10,-2.130295864171653e-05
1.368044650462223e-10,0.912029766974815,1.368044650462223e-10,0,1.368044650462223e-10,-2.043550788463759e-05
1.5e-10,1,1.5e-10,0,1.5e-10,6.319829092861767e-06
1.502690927786865e-10,1,1.502690927786865e-10,0,1.502690927786865e-10,-2.591369891081011e-05
1.508072783360594e-10,1,1.508072783360594e-10,0,1.508072783360594e-10,-7.308075345537854e-05
1.518836494508052e-10,1,1.518836494508052e-10,0,1.518836494508052e-10,-9.67682542528876e-05
1.540363916802969e-10,1,1.540363916802969e-10,0,1.540363916802969e-10,-5.246946357031018e-05
1.583418761392802e-10,1,1.583418761392802e-10,0,1.583418761392802e-10,2.831235611788552e-05
1.66952845057247e-10,1,1.66952845057247e-10,0,1.66952845057247e-10,3.783998330414037e-05
1.776584547516369e-10,1,1.776584547516369e-10,0,1.776584547516369e-10,1.720336169778873e-05
1.915767251401604e-10,1,1.915767251401604e-10,0,1.915767251401604e-10,8.468735378033845e-06
2.090676075821097e-10,1,2.090676075821097e-10,0,2.090676075821097e-10,4.373072933523289e-06
2.32459125685759e-10,1,2.32459125685759e-10,0,2.32459125685759e-10,2.506431241327222e-06
2.638004312791294e-10,1,2.638004312791294e-10,0,2.638004312791294e-10,1.245825214150513e-06
3.055394501467077e-10,1,3.055394501467077e-10,0,3.055394501467077e-10,8.378480033752789e-07
3.608898656680075e-10,1,3.608898656680075e-10,0,3.608898656680075e-10,3.968633183567301e-07
4.346770983451334e-10,1,4.346770983451334e-10,0,4.346770983451334e-10,3.807634113136776e-07
5.335848718430165e-10,1,5.335848718430165e-10,0,5.335848718430165e-10,1.696464988951081e-07
6.66776653425191e-10,1,6.66776653425191e-10,0,6.66776653425191e-10,2.544547460790566e-07
8.467534528083775e-10,1,8.467534528083775e-10,0,8.467534528083775e-10,1.103675284299337e-07
1.09082565979331e-09,1,1.09082565979331e-09,0,1.09082565979331e-09,2.198783531037627e-07
1.422985433028656e-09,1,1.422985433028656e-09,0,1.422985433028656e-09,9.603557579776199e-08
1.876500893391367e-09,1,1.876500893391367e-09,0,1.876500893391367e-09,2.105436946160031e-07
2.497442262191215e-09,1,2.497442262191215e-09,0,2.497442262191215e-09,9.315213236525312e-08
3.349705532999872e-09,1,3.349705532999872e-09,0,3.349705532999872e-09,2.080674422607406e-07
4.521960881232503e-09,1,4.521960881232503e-09,0,4.521960881232503e-09,9.290771068849496e-08
5.721960881232503e-09,1,5.721960881232503e-09,0,5.721960881232503e-09,2.073762169858884e-07
6.610980440616251e-09,1,6.610980440616251e-09,0,6.610980440616251e-09,9.336654945346959e-08
7.499999999999999e-09,1,7.499999999999999e-09,0,7.499999999999999e-09,2.067806879340202e-07
7.500585937499999e-09,0.9960937500000024,7.500585937499999e-09,0,7.500585937499999e-09,-5.371038203718897e-05
7.501757812499998e-09,0.9882812500000074,7.501757812499998e-09,0,7.501757812499998e-09,-0.0001137483086292605
7.504101562499997e-09,0.9726562500000172,7.504101562499997e-09,0,7.504101562499997e-09,-9.81905913220145e-05
7.508789062499994e-09,0.941406250000037,7.508789062499994e-09,0,7.508789062499994e-09,-2.744204293392662e-05
7.518164062499988e-09,0.8789062500000764,7.518164062499988e-09,0,7.518164062499988e-09,1.972094513621146e-06
7.532653802866627e-09,0.782307980889151,7.532653802866627e-09,0,7.532653802866627e-09,-1.019719890753236e-06
7.55644771037016e-09,0.6236819308655939,7.55644771037016e-09,0,7.55644771037016e-09,-2.118499337410242e-07
7.604035525377227e-09,0.3064298308184795,7.604035525377227e-09,0,7.604035525377227e-09,-4.858571889695891e-06
7.649999999999999e-09,0,7.649999999999999e-09,0,7.649999999999999e-09,8.316137937278305e-06
7.65143638983196e-09,0,7.65143638983196e-09,0,7.65143638983196e-09,0.0001036031242070627
7.654309169495883e-09,0,7.654309169495883e-09,0,7.654309169495883e-09,0.0001281775542742106
7.660054728823729e-09,0,7.660054728823729e-09,0,7.660054728823729e-09,-1.443526298908022e-07
7.671373666248559e-09,0,7.671373666248559e-09,0,7.671373666248559e-09,-1.961757208370455e-06
7.683935824475378e-09,0,7.683935824475378e-09,0,7.683935824475378e-09,1.3075039155397e-06
7.708806357425807e-09,0,7.708806357425807e-09,0,7.708806357425807e-09,-1.399113794448556e-06
7.758547423326665e-09,0,7.758547423326665e-09,0,7.758547423326665e-09,1.485276695962326e-06
7.858029555128381e-09,0,7.858029555128381e-09,0,7.858029555128381e-09,-1.407171043823341e-06
8.056993818731813e-09,0,8.056993818731813e-09,0,8.056993818731813e-09,1.47509561229815e-06
8.454922345938677e-09,0,8.454922345938677e-09,0,8.454922345938677e-09,-1.399105682827915e-06
9.250779400352404e-09,0,9.250779400352404e-09,0,9.250779400352404e-09,1.470382880292016e-06
1e-08,0,1e-08,0,1e-08,-1.395593870459061e-06
1.00015625e-08,0,1.00015625e-08,0.01562500000000117,1.00015625e-08,0.0001277120541620199
1.00046875e-08,0,1.00046875e-08,0.04687500000000352,1.00046875e-08,0.0001488919450425624
1.00109375e-08,0,1.00109375e-08,0.1093750000000082,1.00109375e-08,-2.232867776336382e-05
1.002138162580588e-08,0,1.002138162580588e-08,0.2138162580587604,1.002138162580588e-08,2.351331271860598e-05
1.003289073111194e-08,0,1.003289073111194e-08,0.3289073111193798,1.003289073111194e-08,2.002787245978556e-06
1.00395518458191e-08,0,1.00395518458191e-08,0.3955184581909925,1.00395518458191e-08,3.969165172351357e-06
1.004672518680888e-08,0,1.004672518680888e-08,0.4672518680887842,1.004672518680888e-08,-1.080060981067638e-05
1.005284161689571e-08,0,1.005284161689571e-08,0.5284161689571129,1.005284161689571e-08,-2.121013141571903e-05
1.005967196498905e-08,0,1.005967196498905e-08,0.5967196498904609,1.005967196498905e-08,-1.925849963417079e-05
1.006491106455233e-08,0,1.006491106455233e-08,0.6491106455233194,1.006491106455233e-08,-1.06353308064145e-05
1.006992701813633e-08,0,1.006992701813633e-08,0.6992701813633183,1.006992701813633e-08,-6.003430780578413e-06
1.007173837807282e-08,0,1.007173837807282e-08,0.7173837807282326,1.007173837807282e-08,-4.404969298493807e-06
1.007388817163293e-08,0,1.007388817163293e-08,0.7388817163292479,1.007388817163293e-08,-3.286358940063367e-06
1.007632902395207e-08,0,1.007632902395207e-08,0.7632902395207423,1.007632902395207e-08,-2.365212636798187e-06
1.007828970399314e-08,0,1.007828970399314e-08,0.7828970399313877,1.007828970399314e-08,-1.852313253013765e-06
1.00804825101451e-08,0,1.00804825101451e-08,0.8048251014509857,1.00804825101451e-08,-1.428407910074017e-06
1.008277756842793e-08,0,1.008277756842793e-08,0.8277756842793221,1.008277756842793e-08,-1.157390568968038e-06
1.00856771774843e-08,0,1.00856771774843e-08,0.8567717748429716,1.00856771774843e-08,-9.501315577456198e-07
1.008936258504515e-08,0,1.008936258504515e-08,0.8936258504515168,1.008936258504515e-08,-8.94415796717577e-07
1.009427543428418e-08,0,1.009427543428418e-08,0.9427543428418379,1.009427543428418e-08,-9.887784380076416e-07
1.01e-08,0,1.01e-08,0.9999999999999923,1.01e-08,-1.294269707233934e-06
1.010017889267862e-08,0,1.010017889267862e-08,1,1.010017889267862e-08,-2.634584052175279e-05
1.010053667803586e-08,0,1.010053667803586e-08,1,1.010053667803586e-08,-6.835079478894511e-05
1.010125224875033e-08,0,1.010125224875033e-08,1,1.010125224875033e-08,-0.0001121910231332904
1.010268339017928e-08,0,1.010268339017928e-08,1,1.010268339017928e-08,-0.0001210429031397799
1.010554567303717e-08,0,1.010554567303717e-08,1,1.010554567303717e-08,-6.741870146485355e-05
1.01099376523127e-08,0,1.01099376523127e-08,1,1.01099376523127e-08,-1.517103559053367e-05
1.0116567318888e-08,0,1.0116567318888e-08,1,1.0116567318888e-08,-9.258515448333469e-07
1.012865630466847e-08,0,1.012865630466847e-08,1,1.012865630466847e-08,4.008257730169184e-07
1.01528342762294e-08,0,1.01528342762294e-08,1,1.01528342762294e-08,-2.177556557747432e-07
1.020119021935126e-08,0,1.020119021935126e-08,1,1.020119021935126e-08,2.492023351143323e-07
1.029790210559497e-08,0,1.029790210559497e-08,1,1.029790210559497e-08,-1.62571474187062e-07
1.049132587808241e-08,0,1.049132587808241e-08,1,1.049132587808241e-08,2.252646037512544e-07
1.087817342305728e-08,0,1.087817342305728e-08,1,1.087817342305728e-08,-1.513845528191357e-07
1.165186851300703e-08,0,1.165186851300703e-08,1,1.165186851300703e-08,2.198526291593855e-07
1.285186851300703e-08,0,1.285186851300703e-08,1,1.285186851300703e-08,-1.484681395420419e-07
1.405186851300703e-08,0,1.405186851300703e-08,1,1.405186851300703e-08,2.175903445803831e-07
1.5e-08,0,1.5e-08,1,1.5e-08,-1.4592937311224e-07
1.50015625e-08,0.01041666666666745,1.50015625e-08,0.9843750000000236,1.50015625e-08,8.002892883672875e-05
1.50046875e-08,0.03125000000000235,1.50046875e-08,0.9531250000000213,1.50046875e-08,9.555729473437577e-05
1.50109375e-08,0.07291666666667214,1.50109375e-08,0.8906250000000167,1.50109375e-08,1.346625232897624e-05
1.501923402233696e-08,0.1282268155797363,1.501923402233696e-08,0.8076597766304203,1.501923402233696e-08,7.871279749524919e-06
1.502954185901356e-08,0.1969457267570675,1.502954185901356e-08,0.7045814098644235,1.502954185901356e-08,1.09021948207503e-05
1.505015753236676e-08,0.3343835491117299,1.505015753236676e-08,0.49842467633243,1.505015753236676e-08,-1.68504011246607e-05
1.505638784082091e-08,0.3759189388061005,1.505638784082091e-08,0.4361215917908741,1.505638784082091e-08,-0.0001148492588467463
1.506884845772922e-08,0.4589897181948417,1.506884845772922e-08,0.3115154227077623,1.506884845772922e-08,-0.0001640521229351849
1.508064604510303e-08,0.5376403006868948,1.508064604510303e-08,0.1935395489696826,1.508064604510303e-08,-0.0001170767998465237
1.509032302255152e-08,0.6021534836767838,1.509032302255152e-08,0.09676977448484925,1.509032302255152e-08,6.122120936799712e-06
1.51e-08,0.6666666666666947,1.51e-08,0,1.51e-08,2.462906495845569e-05
1.510089442358277e-08,0.6726294905518342,1.510089442358277e-08,0,1.510089442358277e-08,0.0001690443027383467
1.510268327074832e-08,0.6845551383221133,1.510268327074832e-08,0,1.510268327074832e-08,0.000298756677467001
1.510584520079368e-08,0.7056346719578523,1.510584520079368e-08,0,1.510584520079368e-08,0.0001977708031858849
1.51121690608844e-08,0.7477937392293306,1.51121690608844e-08,0,1.51121690608844e-08,4.327586473309368e-05
1.512079793497199e-08,0.8053195664799351,1.512079793497199e-08,0,1.512079793497199e-08,7.48207262757158e-06
1.513350141572285e-08,0.8900094381523346,1.513350141572285e-08,0,1.513350141572285e-08,7.55450293868392e-06
1.515e-08,1,1.515e-08,0,1.515e-08,1.671395478751762e-06
1.515206232303464e-08,1,1.515206232303464e-08,0,1.515206232303464e-08,-5.223711693854991e-05
1.515618696910393e-08,1,1.515618696910393e-08,0,1.515618696910393e-08,-3.377362805813871e-05
1.516152956553047e-08,1,1.516152956553047e-08,0,1.516152956553047e-08,5.716277045072322e-05
1.517221475838353e-08,1,1.517221475838353e-08,0,1.517221475838353e-08,1.798041665412224e-05
1.518352032643573e-08,1,1.518352032643573e-08,0,1.518352032643573e-08,1.777769136902503e-05
1.519927255257215e-08,1,1.519927255257215e-08,0,1.519927255257215e-08,2.74483577903234e-06
1.521859931519755e-08,1,1.521859931519755e-08,0,1.521859931519755e-08,5.997865396781644e-06
1.524549668243224e-08,1,1.524549668243224e-08,0,1.524549668243224e-08,-3.239649444072319e-07
1.528087724669819e-08,1,1.528087724669819e-08,0,1.528087724669819e-08,2.830473669916907e-06
1.532817538410477e-08,1,1.532817538410477e-08,0,1.532817538410477e-08,-1.138569242587073e-06
1.539073166810993e-08,1,1.539073166810993e-08,0,1.539073166810993e-08,1.872846694191055e-06
1.547452904738204e-08,1,1.547452904738204e-08,0,1.547452904738204e-08,-1.269378861227547e-06
1.558701173619809e-08,1,1.558701173619809e-08,0,1.558701173619809e-08,1.543861509662015e-06
1.57387929327824e-08,1,1.57387929327824e-08,0,1.57387929327824e-08,-1.256935272005119e-06
1.59441561559062e-08,1,1.59441561559062e-08,0,1.59441561559062e-08,1.418833383154748e-06
1.622312141936415e-08,1,1.622312141936415e-08,0,1.622312141936415e-08,-1.227188831065917e-06
1.660333319887556e-08,1,1.660333319887556e-08,0,1.660333319887556e-08,1.366261564777856e-06
1.712314089202211e-08,1,1.712314089202211e-08,0,1.712314089202211e-08,-1.205021071300242e-06
1.783567472150571e-08,1,1.783567472150571e-08,0,1.783567472150571e-08,1.342233126297307e-06
1.881460860743369e-08,1,1.881460860743369e-08,0,1.881460860743369e-08,-1.191576531988653e-06
2e-08,1,2e-08,0,2e-08,1.329998227478699e-06
2.00015625e-08,1,2.00015625e-08,0.01562500000000117,2.00015625e-08,0.0001860405195853875
2.00046875e-08,1,2.00046875e-08,0.04687500000000352,2.00046875e-08,0.0002618080979326897
2.00109375e-08,1,2.00109375e-08,0.1093750000000082,2.00109375e-08,4.737197658084832e-05
2.002322219446475e-08,1,2.002322219446475e-08,0.2322219446475314,2.002322219446475e-08,5.519129719650895e-05
2.003448883574733e-08,1,2.003448883574733e-08,0.3448883574733063,2.003448883574733e-08,0.0001119101063671173
2.004201909047505e-08,1,2.004201909047505e-08,0.4201909047505407,2.004201909047505e-08,0.0001768051926614882
2.004793916127958e-08,1,2.004793916127958e-08,0.4793916127957492,2.004793916127958e-08,0.0002282120944259443
2.005356248795901e-08,1,2.005356248795901e-08,0.5356248795900928,2.005356248795901e-08,0.0002562270105382583
2.00597572367853e-08,1,2.00597572367853e-08,0.5975723678530143,2.00597572367853e-08,0.0002594693009216338
2.006478150248562e-08,1,2.006478150248562e-08,0.6478150248562058,2.006478150248562e-08,0.0001827752326353476
2.007024110404956e-08,1,2.007024110404956e-08,0.702411040495577,2.007024110404956e-08,-0.0009897489332704175
2.007430911547401e-08,1,2.007430911547401e-08,0.7430911547401359,2.007430911547401e-08,-0.003853045420418037
2.007749893539365e-08,1,2.007749893539365e-08,0.7749893539365205,2.007749893539365e-08,-0.006989855104213243
2.008195023351604e-08,1,2.008195023351604e-08,0.8195023351603924,2.008195023351604e-08,-0.01235209811842509
2.00852813203904e-08,1,2.00852813203904e-08,0.8528132039039825,2.00852813203904e-08,-0.01909496063243617
2.008980141863835e-08,1,2.008980141863835e-08,0.8980141863835024,2.008980141863835e-08,-0.03893944684551572
2.009298897423334e-08,1,2.009298897423334e-08,0.9298897423334315,2.009298897423334e-08,-0.05610658862747604
2.009506920413296e-08,1,2.009506920413296e-08,0.9506920413295573,2.009506920413296e-08,-0.05055032150449834
2.009751030505831e-08,1,2.009751030505831e-08,0.9751030505830508,2.009751030505831e-08,0.01415373486913838
2.009875515252915e-08,1,2.009875515252915e-08,0.9875515252915134,2.009875515252915e-08,0.0808815541938345
2.01e-08,1,2.01e-08,1,2.01e-08,0.1696023247802322
2.010000972537087e-08,1,2.010000972537087e-08,1,2.010000972537087e-08,0.1703752973940114
2.01000291761126e-08,1,2.01000291761126e-08,1,2.01000291761126e-08,0.1719227450972672
2.010006807759606e-08,1,2.010006807759606e-08,1,2.010006807759606e-08,0.1750309158090468
2.010008752833779e-08,1,2.010008752833779e-08,1,2.010008752833779e-08,0.1765919223576533
2.010012642982125e-08,1,2.010012642982125e-08,1,2.010012642982125e-08,0.1797277412893678
2.010020423278817e-08,1,2.010020423278817e-08,1,2.010020423278817e-08,0.1860535080745406
2.010035983872201e-08,1,2.010035983872201e-08,1,2.010035983872201e-08,0.1989185589244676
2.010067105058968e-08,1,2.010067105058968e-08,1,2.010067105058968e-08,0.2254697872859618
2.010129347432504e-08,1,2.010129347432504e-08,1,2.010129347432504e-08,0.2815753632682508
2.010253832179576e-08,1,2.010253832179576e-08,1,2.010253832179576e-08,0.4032977023007275
2.010424717555646e-08,1,2.010424717555646e-08,1,2.010424717555646e-08,0.5815327172321152
2.01059196094255e-08,1,2.01059196094255e-08,1,2.01059196094255e-08,0.751001965282618
2.010746564310242e-08,1,2.010746564310242e-08,1,2.010746564310242e-08,0.8733791389931401
2.010872981366977e-08,1,2.010872981366977e-08,1,2.010872981366977e-08,0.9286492007029363
2.01099752668324e-08,1,2.01099752668324e-08,1,2.01099752668324e-08,0.9557594170143562
2.011134831838394e-08,1,2.011134831838394e-08,1,2.011134831838394e-08,0.9722121352630374
2.011258904361702e-08,1,2.011258904361702e-08,1,2.011258904361702e-08,0.9810785704442709
2.011430387507116e-08,1,2.011430387507116e-08,1,2.011430387507116e-08,0.9882838997611265
2.011662416026626e-08,1,2.011662416026626e-08,1,2.011662416026626e-08,0.9933330713214875
2.011959851251553e-08,1,2.011959851251553e-08,1,2.011959851251553e-08,0.9963508003220564
2.012353782278565e-08,1,2.012353782278565e-08,1,2.012353782278565e-08,0.9981584445015862
2.01290087462235e-08,1,2.01290087462235e-08,1,2.01290087462235e-08,0.9992308661680414
2.013549268414366e-08,1,2.013549268414366e-08,1,2.013549268414366e-08,0.9997405507849796
2.014330852982981e-08,1,2.014330852982981e-08,1,2.014330852982981e-08,0.9999344973808557
2.01532879695007e-08,1,2.01532879695007e-08,1,2.01532879695007e-08,0.9999910300423642
2.016750565230806e-08,1,2.016750565230806e-08,1,2.016750565230806e-08,1.000000463016352
2.019008608603268e-08,1,2.019008608603268e-08,1,2.019008608603268e-08,0.99999966166014
2.023246866355454e-08,1,2.023246866355454e-08,1,2.023246866355454e-08,1.000000171253237
2.031723381859826e-08,1,2.031723381859826e-08,1,2.031723381859826e-08,0.9999997714924778
2.04867641286857e-08,1,2.04867641286857e-08,1,2.04867641286857e-08,1.000000138924283
2.082582474886059e-08,1,2.082582474886059e-08,1,2.082582474886059e-08,0.9999997839907077
2.150394598921036e-08,1,2.150394598921036e-08,1,2.150394598921036e-08,1.000000133424995
2.25e-08,1,2.25e-08,1,2.25e-08,0.9999997868682589
2.25005859375e-08,0.9960937499999805,2.25005859375e-08,1,2.25005859375e-08,0.9998773532979921
2.25017578125e-08,0.9882812499999633,2.25017578125e-08,1,2.25017578125e-08,0.9996998039180363
2.250410156250001e-08,0.9726562499999291,2.250410156250001e-08,1,2.250410156250001e-08,0.9996156491659964
2.250878906250002e-08,0.9414062499998604,2.250878906250002e-08,1,2.250878906250002e-08,0.9997315765245762
2.251591034720561e-08,0.8939310186292744,2.251591034720561e-08,1,2.251591034720561e-08,0.99994436260007
2.252740421910276e-08,0.8173052059815835,2.252740421910276e-08,1,2.252740421910276e-08,0.9999460842789468
2.254278750849646e-08,0.7147499433569158,2.254278750849646e-08,1,2.254278750849646e-08,0.9999485179282115
2.256710926580495e-08,0.5526048946336621,2.256710926580495e-08,1,2.256710926580495e-08,1.000011265917675
2.257705366985744e-08,0.4863088676170374,2.257705366985744e-08,1,2.257705366985744e-08,1.000599791264373
2.258463101179693e-08,0.4357932546871386,2.258463101179693e-08,1,2.258463101179693e-08,1.001864887750657
2.259509303004593e-08,0.3660464663604253,2.259509303004593e-08,1,2.259509303004593e-08,1.006163087267265
2.260253827306394e-08,0.3164115129070795,2.260253827306394e-08,1,2.260253827306394e-08,1.012657635285531
2.261048704399364e-08,0.2634197067090381,2.261048704399364e-08,1,2.261048704399364e-08,1.032520513838667
2.261466220648053e-08,0.2355852901298142,2.261466220648053e-08,1,2.261466220648053e-08,1.048203416114571
2.261634307522901e-08,0.2243794984732632,2.261634307522901e-08,1,2.261634307522901e-08,1.048838721234411
2.261814400008179e-08,0.2123733327880379,2.261814400008179e-08,1,2.261814400008179e-08,1.032296800622632
2.262021598988478e-08,0.1985600674347979,2.262021598988478e-08,1,2.262021598988478e-08,0.9739800128960227
2.262208363384732e-08,0.1861091076845202,2.262208363384732e-08,1,2.262208363384732e-08,0.8743975752034983
2.262421499406046e-08,0.1719000395969218,2.262421499406046e-08,1,2.262421499406046e-08,0.7042100993016328
2.262580201542906e-08,0.1613198971396143,2.262580201542906e-08,1,2.262580201542906e-08,0.5440536535148459
2.262735646579367e-08,0.150956894708828,2.262735646579367e-08,1,2.262735646579367e-08,0.3729015611033927
2.262904907525748e-08,0.1396728316167833,2.262904907525748e-08,1,2.262904907525748e-08,0.195640820229855
2.263043461153683e-08,0.1304359230877777,2.263043461153683e-08,1,2.263043461153683e-08,0.09514162562426855
2.263153342018321e-08,0.1231105321119363,2.263153342018321e-08,1,2.263153342018321e-08,0.05427934456944163
2.263294171360098e-08,0.1137219093267782,2.263294171360098e-08,1,2.263294171360098e-08,0.02757216314427502
2.263406305410112e-08,0.1062463059925491,2.263406305410112e-08,1,2.263406305410112e-08,0.01648454324946669
2.263541751294744e-08,0.09721658035038105,2.263541751294744e-08,1,2.263541751294744e-08,0.009310050081937433
2.263719828468856e-08,0.08534476874291475,2.263719828468856e-08,1,2.263719828468856e-08,0.0047740371998515
2.263942085045066e-08,0.07052766366225993,2.263942085045066e-08,1,2.263942085045066e-08,0.002396033726889804
2.26424053453052e-08,0.0506310312986622,2.26424053453052e-08,1,2.26424053453052e-08,0.00110277548562876
2.264655359343636e-08,0.02297604375761464,2.264655359343636e-08,1,2.264655359343636e-08,0.0004039105168297669
2.265e-08,0,2.265e-08,1,2.265e-08,0.0001872961267104367
2.265002566237696e-08,0,2.265002566237696e-08,1,2.265002566237696e-08,0.0001916836618320498
2.265007698713089e-08,0,2.265007698713089e-08,1,2.265007698713089e-08,0.0002017562980955523
2.265010264950786e-08,0,2.265010264950786e-08,1,2.265010264950786e-08,0.0002068167647867538
2.265015397426178e-08,0,2.265015397426178e-08,1,2.265015397426178e-08,0.0002161671724030524
2.265025662376964e-08,0,2.265025662376964e-08,1,2.265025662376964e-08,0.0002335761329079756
2.265046192278535e-08,0,2.265046192278535e-08,1,2.265046192278535e-08,0.0002625576774854148
2.26505645722932e-08,0,2.26505645722932e-08,1,2.26505645722932e-08,0.0002745498650772339
2.265076987130891e-08,0,2.265076987130891e-08,1,2.265076987130891e-08,0.0002939436492913151
2.265118046934033e-08,0,2.265118046934033e-08,1,2.265118046934033e-08,0.0003181875171308611
2.265200166540316e-08,0,2.265200166540316e-08,1,2.265200166540316e-08,0.0003273632144292037
2.265364405752883e-08,0,2.265364405752883e-08,1,2.265364405752883e-08,0.0002742461554971221
2.265446525359167e-08,0,2.265446525359167e-08,1,2.265446525359167e-08,0.0002689720936564262
2.265610764571734e-08,0,2.265610764571734e-08,1,2.265610764571734e-08,0.0001630013298792306
2.265939242996868e-08,0,2.265939242996868e-08,1,2.265939242996868e-08,6.482483982282663e-05
2.266596199847137e-08,0,2.266596199847137e-08,1,2.266596199847137e-08,6.789320926680123e-06
2.267820115905246e-08,0,2.267820115905246e-08,1,2.267820115905246e-08,-1.248619717939076e-06
2.269620255342194e-08,0,2.269620255342194e-08,1,2.269620255342194e-08,4.060045257951452e-07
2.272838894584652e-08,0,2.272838894584652e-08,1,2.272838894584652e-08,-1.908582484211624e-07
2.279276173069568e-08,0,2.279276173069568e-08,1,2.279276173069568e-08,3.239405562703078e-08
2.2921507300394e-08,0,2.2921507300394e-08,1,2.2921507300394e-08,-9.593163969310614e-08
2.317899843979064e-08,0,2.317899843979064e-08,1,2.317899843979064e-08,-6.254518212544015e-09
2.369398071858393e-08,0,2.369398071858393e-08,1,2.369398071858393e-08,-7.848492312739528e-08
2.434699035929197e-08,0,2.434699035929197e-08,1,2.434699035929197e-08,-1.608177566739765e-08
2.5e-08,0,2.5e-08,1,2.5e-08,-7.012887655844602e-08
2.50015625e-08,0,2.50015625e-08,0.9843749999999906,2.50015625e-08,-8.191525028298626e-05
2.50046875e-08,0,2.50046875e-08,0.9531249999999882,2.50046875e-08,-9.03677057196889e-05
2.50109375e-08,0,2.50109375e-08,0.8906249999999836,2.50109375e-08,-1.28491992288029e-05
2.50186812144681e-08,0,2.50186812144681e-08,0.8131878553190617,2.50186812144681e-08,-1.039097667709315e-06
2.50281825046762e-08,0,2.50281825046762e-08,0.7181749532379934,2.50281825046762e-08,-9.189055825772495e-07
2.504718508509242e-08,0,2.504718508509242e-08,0.5281491490758569,2.504718508509242e-08,-5.689408182602546e-06
2.506881244274375e-08,0,2.506881244274375e-08,0.3118755725624976,2.506881244274375e-08,-2.208128954881759e-05
2.51e-08,0,2.51e-08,0,2.51e-08,2.757361422039833e-05
2.510162245323464e-08,0,2.510162245323464e-08,0,2.510162245323464e-08,0.0001381196357313514
2.510486735970391e-08,0,2.510486735970391e-08,0,2.510486735970391e-08,0.0001478256093851051
2.511135717264245e-08,0,2.511135717264245e-08,0,2.511135717264245e-08,-2.131209919633574e-05
2.512317146472688e-08,0,2.512317146472688e-08,0,2.512317146472688e-08,9.728642991282277e-06
2.513560692332817e-08,0,2.513560692332817e-08,0,2.513560692332817e-08,-6.054307690164817e-06
2.516047784053075e-08,0,2.516047784053075e-08,0,2.516047784053075e-08,4.647094666599875e-06
2.521021967493591e-08,0,2.521021967493591e-08,0,2.521021967493591e-08,-3.988086485494455e-06
2.530970334374622e-08,0,2.530970334374622e-08,0,2.530970334374622e-08,3.799614212977946e-06
2.550867068136686e-08,0,2.550867068136686e-08,0,2.550867068136686e-08,-3.602626976186176e-06
2.590660535660813e-08,0,2.590660535660813e-08,0,2.590660535660813e-08,3.615614115196669e-06
2.670247470709068e-08,0,2.670247470709068e-08,0,2.670247470709068e-08,-3.512713451058123e-06
2.790247470709068e-08,0,2.790247470709068e-08,0,2.790247470709068e-08,3.566367485827236e-06
2.910247470709068e-08,0,2.910247470709068e-08,0,2.910247470709068e-08,-3.473734485931025e-06
3e-08,0,3e-08,0,3e-08,3.521139751122464e-06
3.000156249999999e-08,0.01041666666664539,3.000156249999999e-08,0.015624999999935,3.000156249999999e-08,0.0002335836232906848
3.000468749999999e-08,0.03124999999993617,3.000468749999999e-08,0.04687499999987117,3.000468749999999e-08,0.0002730808135125511
3.001093749999997e-08,0.07291666666651773,3.001093749999997e-08,0.1093749999997435,3.001093749999997e-08,-2.731240108146397e-05
3.001969324441969e-08,0.1312882961312614,3.001969324441969e-08,0.196932444196859,3.001969324441969e-08,5.611783536296598e-05
3.002907019574221e-08,0.1938013049480616,3.002907019574221e-08,0.2907019574220592,3.002907019574221e-08,4.582925968757553e-05
3.004782409838725e-08,0.3188273225816619,3.004782409838725e-08,0.4782409838724597,3.004782409838725e-08,0.0001426048005511517
3.00537089083716e-08,0.3580593891440466,3.00537089083716e-08,0.5370890837160368,3.00537089083716e-08,0.0001296065609574704
3.006547852834032e-08,0.4365235222688161,3.006547852834032e-08,0.6547852834031911,3.006547852834032e-08,0.000180406538850434
3.007697921982922e-08,0.5131947988614749,3.007697921982922e-08,0.7697921982921793,3.007697921982922e-08,-2.403110245812998e-05
3.008776374911493e-08,0.5850916607662252,3.008776374911493e-08,0.8776374911493047,3.008776374911493e-08,-0.0008834791879637653
3.009388187455746e-08,0.6258791637164489,3.009388187455746e-08,0.9388187455746402,3.009388187455746e-08,-0.001854963040747183
3.01e-08,0.6666666666667168,3.01e-08,1,3.01e-08,-0.003408410616090156
3.010053017936714e-08,0.6702011957809697,3.010053017936714e-08,1,3.010053017936714e-08,-0.003670022587076199
3.010159053810142e-08,0.6772702540094756,3.010159053810142e-08,1,3.010159053810142e-08,-0.004176803261440408
3.010371125556997e-08,0.6914083704664873,3.010371125556997e-08,1,3.010371125556997e-08,-0.005138608356897224
3.010795269050707e-08,0.7196846033805108,3.010795269050707e-08,1,3.010795269050707e-08,-0.007372176768233586
3.011277209453825e-08,0.7518139635883315,3.011277209453825e-08,1,3.011277209453825e-08,-0.0114233059727489
3.012114875855161e-08,0.807658390344089,3.012114875855161e-08,1,3.012114875855161e-08,-0.02983523936538631
3.012482919219945e-08,0.8321946146630432,3.012482919219945e-08,1,3.012482919219945e-08,-0.040766141219189
3.012691159490022e-08,0.8460772993348207,3.012691159490022e-08,1,3.012691159490022e-08,-0.0400083671538937
3.012893060148458e-08,0.859537343230572,3.012893060148458e-08,1,3.012893060148458e-08,-0.02183587387103945
3.01312724437094e-08,0.8751496247293683,3.01312724437094e-08,1,3.01312724437094e-08,0.0391540658507905
3.013335339232906e-08,0.8890226155271105,3.013335339232906e-08,1,3.013335339232906e-08,0.1399539290795427
3.013576648821722e-08,0.9051099214481632,3.013576648821722e-08,1,3.013576648821722e-08,0.3081797370520317
3.013785805159166e-08,0.9190536772777587,3.013785805159166e-08,1,3.013785805159166e-08,0.4883990529891187
3.014034298549068e-08,0.9356199032712202,3.014034298549068e-08,1,3.014034298549068e-08,0.7161951815889305
3.014227345620358e-08,0.9484897080239163,3.014227345620358e-08,1,3.014227345620358e-08,0.8650285684439619
3.014381198029179e-08,0.9587465352786489,3.014381198029179e-08,1,3.014381198029179e-08,0.9312120538875097
3.014513211135826e-08,0.9675474090550551,3.014513211135826e-08,1,3.014513211135826e-08,0.9577504416489068
3.014701510343287e-08,0.9801006895524675,3.014701510343287e-08,1,3.014701510343287e-08,0.976955777749557
3.014835902242719e-08,0.989060149514645,3.014835902242719e-08,1,3.014835902242719e-08,0.9842011802494957
3.015e-08,0.9999999999999869,3.015e-08,1,3.015e-08,0.9894997910482314
3.015003939488745e-08,1,3.015003939488745e-08,1,3.015003939488745e-08,0.9895820024810016
3.015011818466235e-08,1,3.015011818466235e-08,1,3.015011818466235e-08,0.9897433946569348
3.01501575795498e-08,1,3.01501575795498e-08,1,3.01501575795498e-08,0.989822658749629
3.01502363693247e-08,1,3.01502363693247e-08,1,3.01502363693247e-08,0.9899793710019128
3.01503939488745e-08,1,3.01503939488745e-08,1,3.01503939488745e-08,0.9902832313083649
3.015070910797411e-08,1,3.015070910797411e-08,1,3.015070910797411e-08,0.990857406551674
3.015133942617332e-08,1,3.015133942617332e-08,1,3.015133942617332e-08,0.9918849041371127
3.015260006257174e-08,1,3.015260006257174e-08,1,3.015260006257174e-08,0.9935527622270179
3.015512133536859e-08,1,3.015512133536859e-08,1,3.015512133536859e-08,0.9958405451037488
3.016016388096228e-08,1,3.016016388096228e-08,1,3.016016388096228e-08,0.9982325987778463
3.016578547344273e-08,1,3.016578547344273e-08,1,3.016578547344273e-08,0.9992913060061644
3.017238047370631e-08,1,3.017238047370631e-08,1,3.017238047370631e-08,0.9997620406821317
3.018003973649198e-08,1,3.018003973649198e-08,1,3.018003973649198e-08,0.9999406978911126
3.019018619984391e-08,1,3.019018619984391e-08,1,3.019018619984391e-08,0.9999935880793441
3.020492392818674e-08,1,3.020492392818674e-08,1,3.020492392818674e-08,1.00000054548156
3.022827392012277e-08,1,3.022827392012277e-08,1,3.022827392012277e-08,1.000000289665112
3.02732839237643e-08,1,3.02732839237643e-08,1,3.02732839237643e-08,0.9999994623336437
3.036330393104735e-08,1,3.036330393104735e-08,1,3.036330393104735e-08,1.000000485692491
3.054334394561347e-08,1,3.054334394561347e-08,1,3.054334394561347e-08,0.9999994199307498
3.090342397474569e-08,1,3.090342397474569e-08,1,3.090342397474569e-08,1.000000497884177
3.162358403301014e-08,1,3.162358403301014e-08,1,3.162358403301014e-08,0.9999994156672319
3.282358403301014e-08,1,3.282358403301014e-08,1,3.282358403301014e-08,1.000000499699977
3.402358403301014e-08,1,3.402358403301014e-08,1,3.402358403301014e-08,0.9999994145048274
3.500000000000001e-08,1,3.500000000000001e-08,1,3.500000000000001e-08,1.000000500816502
3.500156250000001e-08,1,3.500156250000001e-08,0.9843749999998913,3.500156250000001e-08,0.9998445513574209
3.500468750000002e-08,1,3.500468750000002e-08,0.9531249999998228,3.500468750000002e-08,0.9997098478407681
3.501093750000003e-08,1,3.501093750000003e-08,0.8906249999996857,3.501093750000003e-08,0.9998118698155612
3.501986765607832e-08,1,3.501986765607832e-08,0.8013234392168627,3.501986765607832e-08,0.9999333400417199
3.503170631667223e-08,1,3.503170631667223e-08,0.6829368332776971,3.503170631667223e-08,0.9998483195526312
3.504962683466175e-08,1,3.504962683466175e-08,0.5037316533825563,3.504962683466175e-08,1.000143184674393
3.505482933973361e-08,1,3.505482933973361e-08,0.4517066026639531,3.505482933973361e-08,1.000730645200429
3.506174275813592e-08,1,3.506174275813592e-08,0.3825724186408488,3.506174275813592e-08,1.002747124532194
3.506912788413179e-08,1,3.506912788413179e-08,0.3087211586821029,3.506912788413179e-08,1.007387555251092
3.507548538531956e-08,1,3.507548538531956e-08,0.2451461468043848,3.507548538531956e-08,1.015449258279222
3.508197885199548e-08,1,3.508197885199548e-08,0.1802114800451755,3.508197885199548e-08,1.04239069390456
3.50857019347556e-08,1,3.50857019347556e-08,0.1429806524439686,3.50857019347556e-08,1.059795028697686
3.508738909865246e-08,1,3.508738909865246e-08,0.1261090134753992,3.508738909865246e-08,1.046353564468318
3.508884994900691e-08,1,3.508884994900691e-08,0.1115005099309635,3.508884994900691e-08,1.000764996003411
3.509036364752807e-08,1,3.509036364752807e-08,0.09636352471935372,3.509036364752807e-08,0.9094907719732157
3.509206808671636e-08,1,3.509206808671636e-08,0.07931913283644354,3.509206808671636e-08,0.7533520264784609
3.509351036879859e-08,1,3.509351036879859e-08,0.06489631201413859,3.509351036879859e-08,0.5856330516602236
3.50953568061895e-08,1,3.50953568061895e-08,0.04643193810501356,3.50953568061895e-08,0.3524121013552134
3.509674093265602e-08,1,3.509674093265602e-08,0.03259067343984656,3.509674093265602e-08,0.1916918930791436
3.509798360551906e-08,1,3.509798360551906e-08,0.02016394480937611,3.509798360551906e-08,0.09562741467063854
3.509897704080649e-08,1,3.509897704080649e-08,0.01022959193509609,3.509897704080649e-08,0.05608498558627309
3.510000000000001e-08,1,3.510000000000001e-08,0,3.510000000000001e-08,0.03324732807046551
3.510001575147839e-08,1,3.510001575147839e-08,0,3.510001575147839e-08,0.0329952903854403
3.510004725443515e-08,1,3.510004725443515e-08,0,3.510004725443515e-08,0.03249683246078676
3.510006300591353e-08,1,3.510006300591353e-08,0,3.510006300591353e-08,0.03225062569274017
3.51000945088703e-08,1,3.51000945088703e-08,0,3.51000945088703e-08,0.0317655573301204
3.510011026034868e-08,1,3.510011026034868e-08,0,3.510011026034868e-08,0.03152584396044539
3.510014176330544e-08,1,3.510014176330544e-08,0,3.510014176330544e-08,0.03105141862338101
3.510020476921896e-08,1,3.510020476921896e-08,0,3.510020476921896e-08,0.03012653876533331
3.510033078104601e-08,1,3.510033078104601e-08,0,3.510033078104601e-08,0.02836334246763923
3.510058280470011e-08,1,3.510058280470011e-08,0,3.510058280470011e-08,0.02515940496816185
3.510108685200831e-08,1,3.510108685200831e-08,0,3.510108685200831e-08,0.01985271293498489
3.510209494662469e-08,1,3.510209494662469e-08,0,3.510209494662469e-08,0.0124898906153071
3.510390543469777e-08,1,3.510390543469777e-08,0,3.510390543469777e-08,0.005631721055317706
3.510602791951533e-08,1,3.510602791951533e-08,0,3.510602791951533e-08,0.002538851894941739
3.510870670346133e-08,1,3.510870670346133e-08,0,3.510870670346133e-08,0.001102384304139554
3.511218309845366e-08,1,3.511218309845366e-08,0,3.511218309845366e-08,0.0004507108841296454
3.511723778250933e-08,1,3.511723778250933e-08,0,3.511723778250933e-08,0.0001244804293294636
3.512357022703538e-08,1,3.512357022703538e-08,0,3.512357022703538e-08,3.505934911761496e-05
3.513234106830531e-08,1,3.513234106830531e-08,0,3.513234106830531e-08,1.177947921519878e-05
3.514539923955551e-08,1,3.514539923955551e-08,0,3.514539923955551e-08,8.439678831058129e-06
3.51661040327248e-08,1,3.51661040327248e-08,0,3.51661040327248e-08,3.126458167259887e-06
3.519244398599173e-08,1,3.519244398599173e-08,0,3.519244398599173e-08,2.281579482735958e-06
3.522742656243638e-08,1,3.522742656243638e-08,0,3.522742656243638e-08,4.726405601493379e-07
3.527248253121201e-08,1,3.527248253121201e-08,0,3.527248253121201e-08,7.474457313245168e-07
3.533374153473821e-08,1,3.533374153473821e-08,0,3.533374153473821e-08,-1.830151406891342e-07
3.54160347486343e-08,1,3.54160347486343e-08,0,3.54160347486343e-08,6.107492077586999e-07
3.552712262492618e-08,1,3.552712262492618e-08,0,3.552712262492618e-08,-2.818921468169818e-07
3.56768835834693e-08,1,3.56768835834693e-08,0,3.56768835834693e-08,4.425640466231749e-07
3.588021875597754e-08,1,3.588021875597754e-08,0,3.588021875597754e-08,-2.918112817171964e-07
3.615737091603179e-08,1,3.615737091603179e-08,0,3.615737091603179e-08,3.84536018712017e-07
3.653655854622807e-08,1,3.653655854622807e-08,0,3.653655854622807e-08,-2.853108601969517e-07
3.705667974062707e-08,1,3.705667974062707e-08,0,3.705667974062707e-08,3.622412768742684e-07
3.75e-08,1,3.75e-08,0,3.75e-08,-2.756831091799358e-07
3.75005859375e-08,0.9960937499999805,3.75005859375e-08,0,3.75005859375e-08,-5.398030051619791e-05
3.75017578125e-08,0.9882812499999633,3.75017578125e-08,0,3.75017578125e-08,-0.0001136608452278988
3.750410156250001e-08,0.9726562499999291,3.750410156250001e-08,0,3.750410156250001e-08,-9.800175562603864e-05
3.750878906250002e-08,0.9414062499998604,3.750878906250002e-08,0,3.750878906250002e-08,-2.727543993538651e-05
3.751816406250004e-08,0.8789062499997234,3.751816406250004e-08,0,3.751816406250004e-08,2.812415372988324e-06
3.753292688556006e-08,0.7804874295995704,3.753292688556006e-08,0,3.753292688556006e-08,-6.996633657443897e-07
3.755717448992775e-08,0.6188367338149974,3.755717448992775e-08,0,3.755717448992775e-08,-3.922217677260014e-07
3.760566969866312e-08,0.2955353422458514,3.760566969866312e-08,0,3.760566969866312e-08,-4.31483873978343e-06
3.765e-08,0,3.765e-08,0,3.765e-08,8.368130393603279e-06
3.765138532191678e-08,0,3.765138532191678e-08,0,3.765138532191678e-08,0.0001028546119959917
3.765415596575033e-08,0,3.765415596575033e-08,0,3.765415596575033e-08,0.0001293613235002112
3.765969725341745e-08,0,3.765969725341745e-08,0,3.765969725341745e-08,4.570266171171717e-06
3.767077982875168e-08,0,3.767077982875168e-08,0,3.767077982875168e-08,-4.515215098277091e-06
3.768339229510114e-08,0,3.768339229510114e-08,0,3.768339229510114e-08,2.712408822586878e-06
3.770787902776757e-08,0,3.770787902776757e-08,0,3.770787902776757e-08,-2.476965264021025e-06
3.775685249310041e-08,0,3.775685249310041e-08,0,3.775685249310041e-08,2.429574503229747e-06
3.785479942376611e-08,0,3.785479942376611e-08,0,3.785479942376611e-08,-2.290989831972714e-06
3.805069328509749e-08,0,3.805069328509749e-08,0,3.805069328509749e-08,2.330169437293803e-06
3.844248100776026e-08,0,3.844248100776026e-08,0,3.844248100776026e-08,-2.240121523156594e-06
3.922605645308581e-08,0,3.922605645308581e-08,0,3.922605645308581e-08,2.304491241258446e-06
4e-08,0,4e-08,0,4e-08,-2.222807442689414e-06
4.00015625e-08,0,4.00015625e-08,0.01562500000003426,4.00015625e-08,0.0001272961360544142
4.000468750000001e-08,0,4.000468750000001e-08,0.04687500000010278,4.000468750000001e-08,0.0001488864892994839
4.001093750000002e-08,0,4.001093750000002e-08,0.1093750000002398,4.001093750000002e-08,-2.233084118220101e-05
4.002157665561068e-08,0,4.002157665561068e-08,0.2157665561068338,4.002157665561068e-08,2.376278600385085e-05
4.003333465169803e-08,0,4.003333465169803e-08,0.3333465169802247,4.003333465169803e-08,1.704492174693845e-06
4.003997165454991e-08,0,4.003997165454991e-08,0.399716545499044,4.003997165454991e-08,3.233792256537522e-06
4.004730194741718e-08,0,4.004730194741718e-08,0.4730194741717137,4.004730194741718e-08,-1.193337297409058e-05
4.005350336229049e-08,0,4.005350336229049e-08,0.5350336229048912,4.005350336229049e-08,-2.175536713104195e-05
4.006038796085931e-08,0,4.006038796085931e-08,0.6038796085930215,4.006038796085931e-08,-1.832495376198346e-05
4.00657037662263e-08,0,4.00657037662263e-08,0.6570376622629858,4.00657037662263e-08,-9.591652052143835e-06
4.007093374826309e-08,0,4.007093374826309e-08,0.7093374826309177,4.007093374826309e-08,-5.209097137404801e-06
4.007354873928149e-08,0,4.007354873928149e-08,0.7354873928148175,4.007354873928149e-08,-3.309927817751026e-06
4.007571328606151e-08,0,4.007571328606151e-08,0.7571328606151343,4.007571328606151e-08,-2.479276024007795e-06
4.007788511696711e-08,0,4.007788511696711e-08,0.7788511696711271,4.007788511696711e-08,-1.872802411836342e-06
4.008008289449857e-08,0,4.008008289449857e-08,0.8008289449856039,4.008008289449857e-08,-1.438786534197615e-06
4.00824496891618e-08,0,4.00824496891618e-08,0.824496891617963,4.00824496891618e-08,-1.128833634953206e-06
4.008537729011904e-08,0,4.008537729011904e-08,0.8537729011903634,4.008537729011904e-08,-9.179828052538857e-07
4.008915273150181e-08,0,4.008915273150181e-08,0.8915273150181279,4.008915273150181e-08,-8.365790860577717e-07
4.009415326449163e-08,0,4.009415326449163e-08,0.9415326449162275,4.009415326449163e-08,-9.396706216129468e-07
4.01e-08,0,4.01e-08,0.9999999999999427,4.01e-08,-1.236919884433226e-06
4.010018271048464e-08,0,4.010018271048464e-08,1,4.010018271048464e-08,-2.674240951371197e-05
4.010054813145391e-08,0,4.010054813145391e-08,1,4.010054813145391e-08,-6.933652370812895e-05
4.010127897339246e-08,0,4.010127897339246e-08,1,4.010127897339246e-08,-0.0001130188892457676
4.010274065726956e-08,0,4.010274065726956e-08,1,4.010274065726956e-08,-0.0001203228536087263
4.010566402502375e-08,0,4.010566402502375e-08,1,4.010566402502375e-08,-5.988806216555793e-05
4.011017823997973e-08,0,4.011017823997973e-08,1,4.011017823997973e-08,-1.811855751769341e-05
4.011704191878481e-08,0,4.011704191878481e-08,1,4.011704191878481e-08,6.573901088902638e-07
4.01297428692414e-08,0,4.01297428692414e-08,1,4.01297428692414e-08,-2.394508678170475e-07
4.015506960910046e-08,0,4.015506960910046e-08,1,4.015506960910046e-08,5.550132010044994e-07
4.020572308881856e-08,0,4.020572308881856e-08,1,4.020572308881856e-08,-1.438942438140552e-07
4.030703004825477e-08,0,4.030703004825477e-08,1,4.030703004825477e-08,5.079038058187541e-07
4.05096439671272e-08,0,4.05096439671272e-08,1,4.05096439671272e-08,-1.209606891054587e-07
4.091487180487204e-08,0,4.091487180487204e-08,1,4.091487180487204e-08,4.966243264712314e-07
4.172532748036173e-08,0,4.172532748036173e-08,1,4.172532748036173e-08,-1.15370738766407e-07
4.292532748036173e-08,0,4.292532748036173e-08,1,4.292532748036173e-08,4.935178334127535e-07
4.412532748036173e-08,0,4.412532748036173e-08,1,4.412532748036173e-08,-1.128739705160066e-07
4.499999999999999e-08,0,4.499999999999999e-08,1,4.499999999999999e-08,4.905656786135708e-07
4.50015625e-08,0.01041666666668951,4.50015625e-08,0.9843750000000567,4.50015625e-08,7.390791308767734e-05
4.50046875e-08,0.03125000000006852,4.50046875e-08,0.9531249999999882,4.50046875e-08,0.000102155027685428
4.501093750000002e-08,0.07291666666682656,4.501093750000002e-08,0.8906249999998511,4.501093750000002e-08,1.108893621553385e-05
4.501938787982654e-08,0.1292525321769675,4.501938787982654e-08,0.8061212017347059,4.501938787982654e-08,8.998315314062227e-06
4.502991815019936e-08,0.1994543346624724,4.502991815019936e-08,0.7008184980064486,4.502991815019936e-08,1.033791281932321e-05
4.505097869094502e-08,0.3398579396334822,4.505097869094502e-08,0.4902130905499339,4.505097869094502e-08,-2.052543774791564e-05
4.505710635457689e-08,0.3807090305126531,4.505710635457689e-08,0.4289364542311114,4.505710635457689e-08,-0.0001231293436844945
4.506936168184064e-08,0.4624112122709948,4.506936168184064e-08,0.3063831815935988,4.506936168184064e-08,-0.0001624604533861836
4.508130619459023e-08,0.5420412972682643,4.508130619459023e-08,0.1869380540976945,4.508130619459023e-08,-0.0001079264470373286
4.510000000000001e-08,0.6666666666667609,4.510000000000001e-08,1.587618925213974e-14,4.510000000000001e-08,5.446238338134193e-05
4.510103143418638e-08,0.6735428945758948,4.510103143418638e-08,0,4.510103143418638e-08,0.0002036406873197706
4.510309430255912e-08,0.6872953503941626,4.510309430255912e-08,0,4.510309430255912e-08,0.0003158713435661698
4.51072200393046e-08,0.714800262030698,4.51072200393046e-08,0,4.51072200393046e-08,0.0001571784341756317
4.511547151279556e-08,0.7698100853037692,4.511547151279556e-08,0,4.511547151279556e-08,1.988585179418237e-05
4.512501602181081e-08,0.8334401454054781,4.512501602181081e-08,0,4.512501602181081e-08,4.209185976254931e-06
4.513970289969626e-08,0.9313526646417695,4.513970289969626e-08,0,4.513970289969626e-08,6.29645598073823e-06
4.514999999999999e-08,0.9999999999999869,4.514999999999999e-08,0,4.514999999999999e-08,2.306151722506918e-06
4.515128713753795e-08,1,4.515128713753795e-08,0,4.515128713753795e-08,-5.326227745208607e-05
4.515386141261388e-08,1,4.515386141261388e-08,0,4.515386141261388e-08,-7.27299582152037e-05
4.515783679894773e-08,1,4.515783679894773e-08,0,4.515783679894773e-08,2.890214841877239e-05
4.516578757161542e-08,1,4.516578757161542e-08,0,4.516578757161542e-08,3.9470545082225e-05
4.517604535618682e-08,1,4.517604535618682e-08,0,4.517604535618682e-08,2.150877116237517e-05
4.518962884293982e-08,1,4.518962884293982e-08,0,4.518962884293982e-08,7.795699817483344e-06
4.520660133885087e-08,1,4.520660133885087e-08,0,4.520660133885087e-08,5.959125388536731e-06
4.522951263603418e-08,1,4.522951263603418e-08,0,4.522951263603418e-08,1.722622724082655e-06
4.526008179105689e-08,1,4.526008179105689e-08,0,4.526008179105689e-08,1.970409988626828e-06
4.530099919151845e-08,1,4.530099919151845e-08,0,4.530099919151845e-08,1.325074773524817e-07
4.535539491391519e-08,1,4.535539491391519e-08,0,4.535539491391519e-08,9.359095502005223e-07
4.542819341252147e-08,1,4.542819341252147e-08,0,4.542819341252147e-08,-3.029731605097431e-07
4.552604330328404e-08,1,4.552604330328404e-08,0,4.552604330328404e-08,6.238762564806822e-07
4.565822818700297e-08,1,4.565822818700297e-08,0,4.565822818700297e-08,-4.023629988779145e-07
4.583741328331347e-08,1,4.583741328331347e-08,0,4.583741328331347e-08,5.239968569617822e-07
4.60812307747558e-08,1,4.60812307747558e-08,0,4.60812307747558e-08,-4.19472347764314e-07
4.641418784002726e-08,1,4.641418784002726e-08,0,4.641418784002726e-08,4.892918482528569e-07
4.687037483671985e-08,1,4.687037483671985e-08,0,4.687037483671985e-08,-4.188751039499766e-07
4.749721321950078e-08,1,4.749721321950078e-08,0,4.749721321950078e-08,4.759386937305588e-07
4.836066432637721e-08,1,4.836066432637721e-08,0,4.836066432637721e-08,-4.159746893539148e-07
4.918033216318861e-08,1,4.918033216318861e-08,0,4.918033216318861e-08,4.695889122062315e-07
5e-08,1,5e-08,0,5e-08,-4.114626356213773e-07
5.00015625e-08,1,5.00015625e-08,0.01562500000003426,5.00015625e-08,0.000185329313796971
5.000468750000001e-08,1,5.000468750000001e-08,0.04687500000010278,5.000468750000001e-08,0.0002618582962654259
5.001093750000002e-08,1,5.001093750000002e-08,0.1093750000002398,5.001093750000002e-08,4.737264492400021e-05
5.002343615019346e-08,1,5.002343615019346e-08,0.2343615019345323,5.002343615019346e-08,5.570799433676757e-05
5.003492206726646e-08,1,5.003492206726646e-08,0.3492206726645473,5.003492206726646e-08,0.0001148875952990379
5.004227019071556e-08,1,5.004227019071556e-08,0.4227019071556408,5.004227019071556e-08,0.0001789220189430652
5.004817607032576e-08,1,5.004817607032576e-08,0.4817607032576213,5.004817607032576e-08,0.0002298837443738989
5.005383769032307e-08,1,5.005383769032307e-08,0.5383769032307663,5.005383769032307e-08,0.0002569306590142587
5.006004760604388e-08,1,5.006004760604388e-08,0.6004760604388166,5.006004760604388e-08,0.0002595555074366615
5.006510159969267e-08,1,5.006510159969267e-08,0.6510159969267283,5.006510159969267e-08,0.000167864916723704
5.006898008378482e-08,1,5.006898008378482e-08,0.6898008378482553,5.006898008378482e-08,-0.0004702543448898662
5.007196865396651e-08,1,5.007196865396651e-08,0.7196865396650939,5.007196865396651e-08,-0.002061782108136305
5.007497663630315e-08,1,5.007497663630315e-08,0.74976636303152,5.007497663630315e-08,-0.004598234885718336
5.007833594920434e-08,1,5.007833594920434e-08,0.7833594920433116,5.007833594920434e-08,-0.007847853607985929
5.008204823130948e-08,1,5.008204823130948e-08,0.8204823130948017,5.008204823130948e-08,-0.01244223324872982
5.008553697058409e-08,1,5.008553697058409e-08,0.8553697058408716,5.008553697058409e-08,-0.01978554643256443
5.009056718635453e-08,1,5.009056718635453e-08,0.9056718635452914,5.009056718635453e-08,-0.04366698729367827
5.009325093980216e-08,1,5.009325093980216e-08,0.9325093980215939,5.009325093980216e-08,-0.05740846427848432
5.009525972221303e-08,1,5.009525972221303e-08,0.9525972221302239,5.009525972221303e-08,-0.04924590539826405
5.009757110166119e-08,1,5.009757110166119e-08,0.9757110166119626,5.009757110166119e-08,0.01507023727708667
5.00987855508306e-08,1,5.00987855508306e-08,0.9878555083060189,5.00987855508306e-08,0.08076136532842307
5.01e-08,1,5.01e-08,0.9999999999999427,5.01e-08,0.1673817430812299
5.010000948788413e-08,1,5.010000948788413e-08,1,5.010000948788413e-08,0.1681343481764246
5.01000284636524e-08,1,5.01000284636524e-08,1,5.01000284636524e-08,0.1696412020837953
5.010006641518894e-08,1,5.010006641518894e-08,1,5.010006641518894e-08,0.1726677434247408
5.010008539095721e-08,1,5.010008539095721e-08,1,5.010008539095721e-08,0.1741875790290088
5.010012334249375e-08,1,5.010012334249375e-08,1,5.010012334249375e-08,0.1772405181450288
5.010019924556683e-08,1,5.010019924556683e-08,1,5.010019924556683e-08,0.183398085529513
5.010035105171298e-08,1,5.010035105171298e-08,1,5.010035105171298e-08,0.1959174660043081
5.01006546640053e-08,1,5.01006546640053e-08,1,5.01006546640053e-08,0.2217425325634043
5.010126188858992e-08,1,5.010126188858992e-08,1,5.010126188858992e-08,0.2762779224873576
5.010247633775917e-08,1,5.010247633775917e-08,1,5.010247633775917e-08,0.3945809211791759
5.010420735353821e-08,1,5.010420735353821e-08,1,5.010420735353821e-08,0.5749378129185253
5.010589822715194e-08,1,5.010589822715194e-08,1,5.010589822715194e-08,0.7468804816620196
5.010747144708789e-08,1,5.010747144708789e-08,1,5.010747144708789e-08,0.8723502871782609
5.010875696271195e-08,1,5.010875696271195e-08,1,5.010875696271195e-08,0.928820901517136
5.011001559490654e-08,1,5.011001559490654e-08,1,5.011001559490654e-08,0.9560697093508252
5.011142135781158e-08,1,5.011142135781158e-08,1,5.011142135781158e-08,0.9726789047644029
5.011267831410454e-08,1,5.011267831410454e-08,1,5.011267831410454e-08,0.9814654514016938
5.011442347653063e-08,1,5.011442347653063e-08,1,5.011442347653063e-08,0.9885906698278664
5.011679335752711e-08,1,5.011679335752711e-08,1,5.011679335752711e-08,0.99355589522209
5.011983661650568e-08,1,5.011983661650568e-08,1,5.011983661650568e-08,0.9964997275013669
5.012388546888462e-08,1,5.012388546888462e-08,1,5.012388546888462e-08,0.9982588684499295
5.012954116246866e-08,1,5.012954116246866e-08,1,5.012954116246866e-08,0.9992937465498598
5.013616622670035e-08,1,5.013616622670035e-08,1,5.013616622670035e-08,0.999769213398892
5.014421176840105e-08,1,5.014421176840105e-08,1,5.014421176840105e-08,0.999944739370063
5.01545530502699e-08,1,5.01545530502699e-08,1,5.01545530502699e-08,0.9999934288252792
5.016950705435173e-08,1,5.016950705435173e-08,1,5.016950705435173e-08,1.000000512309124
5.019363317379045e-08,1,5.019363317379045e-08,1,5.019363317379045e-08,0.9999996710932777
5.024026796940124e-08,1,5.024026796940124e-08,1,5.024026796940124e-08,1.000000169818674
5.033353756062281e-08,1,5.033353756062281e-08,1,5.033353756062281e-08,0.9999997674069536
5.052007674306594e-08,1,5.052007674306594e-08,1,5.052007674306594e-08,1.00000013931497
5.089315510795222e-08,1,5.089315510795222e-08,1,5.089315510795222e-08,0.9999997796451127
5.163931183772476e-08,1,5.163931183772476e-08,1,5.163931183772476e-08,1.00000013382616
5.249999999999999e-08,1,5.249999999999999e-08,1,5.249999999999999e-08,0.9999997828560683
5.250058593749999e-08,0.9960937500000245,5.250058593749999e-08,1,5.250058593749999e-08,0.9998794622122137
5.250175781249999e-08,0.9882812500000074,5.250175781249999e-08,1,5.250175781249999e-08,0.9996997457068141
5.25041015625e-08,0.9726562499999731,5.25041015625e-08,1,5.25041015625e-08,0.9996142228047666
5.250878906250001e-08,0.9414062499999046,5.250878906250001e-08,1,5.250878906250001e-08,0.9997318183289106
5.251523098683261e-08,0.8984600877825486,5.251523098683261e-08,1,5.251523098683261e-08,0.9999406604489575
5.252671345793765e-08,0.821910280415603,5.252671345793765e-08,1,5.252671345793765e-08,0.9999495654794649
5.254191279431725e-08,0.7205813712182827,5.254191279431725e-08,1,5.254191279431725e-08,0.9999463300136341
5.256628236172875e-08,0.5581175884749583,5.256628236172875e-08,1,5.256628236172875e-08,0.9999953408018433
5.257812359483927e-08,0.4791760344048209,5.257812359483927e-08,1,5.257812359483927e-08,1.000717034366189
5.258600816225365e-08,0.4266122516422883,5.258600816225365e-08,1,5.258600816225365e-08,1.00224005375286
5.259655672142843e-08,0.3562885238104455,5.259655672142843e-08,1,5.259655672142843e-08,1.007099351720684
5.260407583077475e-08,0.3061611281682677,5.260407583077475e-08,1,5.260407583077475e-08,1.014838506448311
5.261213994422926e-08,0.2524003718048834,5.261213994422926e-08,1,5.261213994422926e-08,1.039930416652707
5.26149825978039e-08,0.2334493479739177,5.26149825978039e-08,1,5.26149825978039e-08,1.05025844129991
5.261688956854461e-08,0.2207362097025505,5.261688956854461e-08,1,5.261688956854461e-08,1.047158217528589
5.261869982540957e-08,0.2086678306028215,5.261869982540957e-08,1,5.261869982540957e-08,1.022186141843873
5.262067553805822e-08,0.1954964129451338,5.262067553805822e-08,1,5.262067553805822e-08,0.954380481817156
5.262256556900507e-08,0.1828962066327875,5.262256556900507e-08,1,5.262256556900507e-08,0.8412285786616041
5.262486596172695e-08,0.1675602551536223,5.262486596172695e-08,1,5.262486596172695e-08,0.6417318489051986
5.262619499495265e-08,0.1587000336489249,5.262619499495265e-08,1,5.262619499495265e-08,0.5015114594511092
5.262768576135847e-08,0.1487615909435128,5.262768576135847e-08,1,5.262768576135847e-08,0.3363547031919164
5.262926639403507e-08,0.1382240397661151,5.262926639403507e-08,1,5.262926639403507e-08,0.1757240454496643
5.26305879452973e-08,0.129413698017949,5.26305879452973e-08,1,5.26305879452973e-08,0.08730676211548602
5.263166398547172e-08,0.1222400968551434,5.263166398547172e-08,1,5.263166398547172e-08,0.05081242099705062
5.263271826270826e-08,0.115211581944861,5.263271826270826e-08,1,5.263271826270826e-08,0.03072030698216111
5.263380848566875e-08,0.1079434288749336,5.263380848566875e-08,1,5.263380848566875e-08,0.01859315979549082
5.26351665804008e-08,0.09888946399461052,5.26351665804008e-08,1,5.26351665804008e-08,0.01035637842858694
5.263692755830962e-08,0.08714961126914089,5.263692755830962e-08,1,5.263692755830962e-08,0.005245983134712083
5.263909556263512e-08,0.0726962490991252,5.263909556263512e-08,1,5.263909556263512e-08,0.002620023132092429
5.264194227632119e-08,0.0537181578586825,5.264194227632119e-08,1,5.264194227632119e-08,0.001233745928407843
5.264586495236076e-08,0.02756698426152626,5.264586495236076e-08,1,5.264586495236076e-08,0.0004791255298917793
5.264999999999999e-08,4.618527782440651e-14,5.264999999999999e-08,1,5.264999999999999e-08,0.0001838373834866514
5.265002493703852e-08,0,5.265002493703852e-08,1,5.265002493703852e-08,0.0001881097740713168
5.265007481111558e-08,0,5.265007481111558e-08,1,5.265007481111558e-08,0.0001979321879979792
5.265009974815411e-08,0,5.265009974815411e-08,1,5.265009974815411e-08,0.0002028803495764962
5.265014962223117e-08,0,5.265014962223117e-08,1,5.265014962223117e-08,0.0002120294744956428
5.265024937038529e-08,0,5.265024937038529e-08,1,5.265024937038529e-08,0.0002291117937956952
5.265044886669353e-08,0,5.265044886669353e-08,1,5.265044886669353e-08,0.0002577248123079481
5.265054861484765e-08,0,5.265054861484765e-08,1,5.265054861484765e-08,0.0002696527354328133
5.265074811115589e-08,0,5.265074811115589e-08,1,5.265074811115589e-08,0.0002891126104737897
5.265114710377238e-08,0,5.265114710377238e-08,1,5.265114710377238e-08,0.0003140353076761094
5.265134660008062e-08,0,5.265134660008062e-08,1,5.265134660008062e-08,0.0003205664176498179
5.265174559269711e-08,0,5.265174559269711e-08,1,5.265174559269711e-08,0.0003252497910459601
5.265254357793008e-08,0,5.265254357793008e-08,1,5.265254357793008e-08,0.0003119160595524006
5.265413954839601e-08,0,5.265413954839601e-08,1,5.265413954839601e-08,0.0002483135188979593
5.265493753362898e-08,0,5.265493753362898e-08,1,5.265493753362898e-08,0.00021113896855934
5.265653350409492e-08,0,5.265653350409492e-08,1,5.265653350409492e-08,0.0001479457959662969
5.26597254450268e-08,0,5.26597254450268e-08,1,5.26597254450268e-08,6.635326287337217e-05
5.266610932689056e-08,0,5.266610932689056e-08,1,5.266610932689056e-08,7.453954453736228e-06
5.267865132685609e-08,0,5.267865132685609e-08,1,5.267865132685609e-08,-1.649789327472537e-06
5.269721422428769e-08,0,5.269721422428769e-08,1,5.269721422428769e-08,7.167817871533748e-07
5.273076433009014e-08,0,5.273076433009014e-08,1,5.273076433009014e-08,-4.461933889072681e-07
5.279786454169504e-08,0,5.279786454169504e-08,1,5.279786454169504e-08,2.702212747084496e-07
5.293206496490484e-08,0,5.293206496490484e-08,1,5.293206496490484e-08,-3.169338992705498e-07
5.320046581132444e-08,0,5.320046581132444e-08,1,5.320046581132444e-08,2.154143666240629e-07
5.373726750416363e-08,0,5.373726750416363e-08,1,5.373726750416363e-08,-2.916547869284674e-07
5.436863375208182e-08,0,5.436863375208182e-08,1,5.436863375208182e-08,2.005160415034302e-07
5.5e-08,0,5.5e-08,1,5.5e-08,-2.783578233223737e-07
5.500156250000001e-08,0,5.500156250000001e-08,0.9843749999999244,5.500156250000001e-08,-8.202116955766356e-05
5.500468750000001e-08,0,5.500468750000001e-08,0.9531249999998559,5.500468750000001e-08,-9.036929235578567e-05
5.501093750000003e-08,0,5.501093750000003e-08,0.8906249999997188,5.501093750000003e-08,-1.285317356852694e-05
5.501870806833486e-08,0,5.501870806833486e-08,0.8129193166514175,5.501870806833486e-08,-1.016811182384976e-06
5.502824753941471e-08,0,5.502824753941471e-08,0.7175246058528655,5.502824753941471e-08,-9.232679374133362e-07
5.504732648157441e-08,0,5.504732648157441e-08,0.5267351842558938,5.504732648157441e-08,-5.768442722879985e-06
5.506902958124589e-08,0,5.506902958124589e-08,0.3097041875411761,5.506902958124589e-08,-2.200179188374682e-05
5.51e-08,0,5.51e-08,1.587618925213974e-14,5.51e-08,2.78012151344707e-05
5.51016322604109e-08,0,5.51016322604109e-08,0,5.51016322604109e-08,0.0001379573050015093
5.510489678123268e-08,0,5.510489678123268e-08,0,5.510489678123268e-08,0.0001467752037072861
5.511142582287626e-08,0,5.511142582287626e-08,0,5.511142582287626e-08,-2.18094381716598e-05
5.512330441838335e-08,0,5.512330441838335e-08,0,5.512330441838335e-08,9.895327826261945e-06
5.513585078847561e-08,0,5.513585078847561e-08,0,5.513585078847561e-08,-4.732529160470888e-06
5.516094352866013e-08,0,5.516094352866013e-08,0,5.516094352866013e-08,3.39989422444792e-06
5.521112900902918e-08,0,5.521112900902918e-08,0,5.521112900902918e-08,-2.791877356355407e-06
5.531149996976728e-08,0,5.531149996976728e-08,0,5.531149996976728e-08,2.632357189448928e-06
5.551224189124346e-08,0,5.551224189124346e-08,0,5.551224189124346e-08,-2.449002227661608e-06
5.591372573419584e-08,0,5.591372573419584e-08,0,5.591372573419584e-08,2.4701447037977e-06
5.671669342010059e-08,0,5.671669342010059e-08,0,5.671669342010059e-08,-2.37008918204469e-06
5.791669342010059e-08,0,5.791669342010059e-08,0,5.791669342010059e-08,2.426873718918213e-06
5.911669342010059e-08,0,5.911669342010059e-08,0,5.911669342010059e-08,-2.335709329391303e-06
5.999999999999999e-08,0,5.999999999999999e-08,0,5.999999999999999e-08,2.386676533800775e-06
