/output X,/output Y,/b X,/b Y,/a X,/a Y
0,1.188900769691715e-07,0,0,0,0
5.859375e-14,1.014321799749162e-05,5.859375e-14,0,5.859375e-14,0.000390625
1.7578125e-13,3.37987106357818e-05,1.7578125e-13,0,1.7578125e-13,0.001171875
4.1015625e-13,7.579625372404297e-05,4.1015625e-13,0,4.1015625e-13,0.002734375
8.7890625e-13,0.0001447010049982936,8.7890625e-13,0,8.7890625e-13,0.005859375
1.81640625e-12,0.0002339096782669007,1.81640625e-12,0,1.81640625e-12,0.012109375
3.69140625e-12,0.0002901791034631661,3.69140625e-12,0,3.69140625e-12,0.024609375
7.44140625e-12,0.0002245013526803922,7.44140625e-12,0,7.44140625e-12,0.049609375
1.313644273225293e-11,9.846576790931627e-05,1.313644273225293e-11,0,1.313644273225293e-11,0.08757628488168619
2.177907044822483e-11,4.40573598829914e-05,2.177907044822483e-11,0,2.177907044822483e-11,0.1451938029881655
3.679716049044694e-11,6.621116241890715e-05,3.679716049044694e-11,0,3.679716049044694e-11,0.2453144032696463
6.322740521078867e-11,0.0001027303888461093,6.322740521078867e-11,0,6.322740521078867e-11,0.4215160347385911
7.015012241378608e-11,-3.27456636153655e-05,7.015012241378608e-11,0,7.015012241378608e-11,0.4676674827585739
8.39955568197809e-11,-0.001460626240294303,8.39955568197809e-11,0,8.39955568197809e-11,0.5599703787985394
9.620829384397897e-11,-0.005609859799799024,9.620829384397897e-11,0,9.620829384397897e-11,0.6413886256265264
1.053779253563476e-10,-0.01182713241906966,1.053779253563476e-10,0,1.053779253563476e-10,0.7025195023756509
1.135652661887698e-10,-0.02324025556251707,1.135652661887698e-10,0,1.135652661887698e-10,0.7571017745917985
1.177230408568477e-10,-0.03320561216082839,1.177230408568477e-10,0,1.177230408568477e-10,0.7848202723789848
1.198609983414106e-10,-0.03952764344603983,1.198609983414106e-10,0,1.198609983414106e-10,0.799073322276071
1.219334486950146e-10,-0.04546848568894262,1.219334486950146e-10,0,1.219334486950146e-10,0.812889657966764
1.242246080158866e-10,-0.05116015282573422,1.242246080158866e-10,0,1.242246080158866e-10,0.8281640534392437
1.263984513578274e-10,-0.05561527449908935,1.263984513578274e-10,0,1.263984513578274e-10,0.8426563423855162
1.29409293748763e-10,-0.05816741931681341,1.29409293748763e-10,0,1.29409293748763e-10,0.8627286249917531
1.308817449266877e-10,-0.0510337506436569,1.308817449266877e-10,0,1.308817449266877e-10,0.872544966177918
1.324707776782054e-10,-0.0180738183071961,1.324707776782054e-10,0,1.324707776782054e-10,0.8831385178547027
1.339060615092927e-10,0.04105725129219657,1.339060615092927e-10,0,1.339060615092927e-10,0.8927070767286182
1.358518136086741e-10,0.1536684570492555,1.358518136086741e-10,0,1.358518136086741e-10,0.9056787573911604
1.376781754636662e-10,0.2780555687333795,1.376781754636662e-10,0,1.376781754636662e-10,0.9178545030911081
1.395015831697539e-10,0.4081770556830925,1.395015831697539e-10,0,1.395015831697539e-10,0.930010554465026
1.414985104171711e-10,0.5484670645853821,1.414985104171711e-10,0,1.414985104171711e-10,0.9433234027811409
1.438131406046769e-10,0.6936355049366689,1.438131406046769e-10,0,1.438131406046769e-10,0.958754270697846
1.460337811734843e-10,0.7960244449631796,1.460337811734843e-10,0,1.460337811734843e-10,0.9735585411565619
1.481056559248906e-10,0.8567439405560194,1.481056559248906e-10,0,1.481056559248906e-10,0.987371039499271
1.5e-10,0.894887301279739,1.5e-10,0,1.5e-10,1
1.500084438324149e-10,0.895028138623651,1.500084438324149e-10,0,1.500084438324149e-10,1
1.500253314972448e-10,0.8953114120465125,1.500253314972448e-10,0,1.500253314972448e-10,1
1.500591068269045e-10,0.8958784102360272,1.500591068269045e-10,0,1.500591068269045e-10,1
1.500759944917344e-10,0.8961603248063341,1.500759944917344e-10,0,1.500759944917344e-10,1
1.501097698213941e-10,0.8967228432938037,1.501097698213941e-10,0,1.501097698213941e-10,1
1.501773204807135e-10,0.8978357381735015,1.501773204807135e-10,0,1.501773204807135e-10,1
1.502110958103732e-10,0.8983899712047292,1.502110958103732e-10,0,1.502110958103732e-10,1
1.502786464696926e-10,0.8994835725903708,1.502786464696926e-10,0,1.502786464696926e-10,1
1.504137477883315e-10,0.9016397213300811,1.504137477883315e-10,0,1.504137477883315e-10,1
1.506839504256092e-10,0.9058056107687845,1.506839504256092e-10,0,1.506839504256092e-10,1
1.512243557001647e-10,0.9136101587509902,1.512243557001647e-10,0,1.512243557001647e-10,1
1.514945583374424e-10,0.9172609604944646,1.514945583374424e-10,0,1.514945583374424e-10,1
1.520349636119978e-10,0.9241035076866334,1.520349636119978e-10,0,1.520349636119978e-10,1
1.531157741611087e-10,0.9361419221469049,1.531157741611087e-10,0,1.531157741611087e-10,1
1.552773952593304e-10,0.9548812407533095,1.552773952593304e-10,0,1.552773952593304e-10,1
1.590934794408688e-10,0.9758689631978965,1.590934794408688e-10,0,1.590934794408688e-10,1
1.634003079112114e-10,0.9882238183286528,1.634003079112114e-10,0,1.634003079112114e-10,1
1.684732048988446e-10,0.9950417824911417,1.684732048988446e-10,0,1.684732048988446e-10,1
1.74455686255868e-10,0.9982669002953009,1.74455686255868e-10,0,1.74455686255868e-10,1
1.821085689718668e-10,0.9995789058267673,1.821085689718668e-10,0,1.821085689718668e-10,1
1.923319099229196e-10,0.9999570105441814,1.923319099229196e-10,0,1.923319099229196e-10,1
2.070881860330419e-10,1.000003846978059,2.070881860330419e-10,0,2.070881860330419e-10,1
2.311047541812344e-10,0.9999988806755739,2.311047541812344e-10,0,2.311047541812344e-10,1
2.777219139459972e-10,1.000000574315704,2.777219139459972e-10,0,2.777219139459972e-10,1
3.709562334755226e-10,0.9999995630871272,3.709562334755226e-10,0,3.709562334755226e-10,1
5.574248725345734e-10,1.00000033704818,5.574248725345734e-10,0,5.574248725345734e-10,1
9.303621506526751e-10,0.9999996628499347,9.303621506526751e-10,0,9.303621506526751e-10,1
1.676236706888879e-09,1.000000289799613,1.676236706888879e-09,0,1.676236706888879e-09,1
2.876236706888879e-09,0.9999996850002444,2.876236706888879e-09,0,2.876236706888879e-09,1
4.076236706888878e-09,1.000000269711172,4.076236706888878e-09,0,4.076236706888878e-09,1
5.038118353444439e-09,0.9999997026893819,5.038118353444439e-09,0,5.038118353444439e-09,1
6e-09,1.0000002466194,6e-09,0,6e-09,1
6.000390625e-09,1.00112831396891,6.000390625e-09,0.003906250000000293,6.000390625e-09,1
6.001171875e-09,1.003253506315866,6.001171875e-09,0.01171875000000088,6.001171875e-09,1
6.002734375e-09,1.006717707179219,6.002734375e-09,0.02734375000000205,6.002734375e-09,1
6.005859375e-09,1.011284467112769,6.005859375e-09,0.0585937500000044,6.005859375e-09,1
6.011300526500679e-09,1.015133527015386,6.011300526500679e-09,0.1130052650067884,6.011300526500679e-09,1
6.01842924373015e-09,1.017219359215171,6.01842924373015e-09,0.1842924373014971,6.01842924373015e-09,1
6.027502443414032e-09,1.019176958870652,6.027502443414032e-09,0.2750244341403233,6.027502443414032e-09,1
6.040113089702738e-09,1.022798937344157,6.040113089702738e-09,0.4011308970273826,6.040113089702738e-09,1
6.046920735669105e-09,1.023057916188212,6.046920735669105e-09,0.4692073566910489,6.046920735669105e-09,1
6.053104316611187e-09,1.014215754446804,6.053104316611187e-09,0.5310431661118699,6.053104316611187e-09,1
6.058825111622199e-09,0.9844593467134344,6.058825111622199e-09,0.5882511162219902,6.058825111622199e-09,1
6.06504285394101e-09,0.9055294789259195,6.06504285394101e-09,0.6504285394100989,6.06504285394101e-09,1
6.070387455262007e-09,0.7855511972538074,6.070387455262007e-09,0.7038745526200711,6.070387455262007e-09,1
6.076269304605174e-09,0.5878126183690477,6.076269304605174e-09,0.7626930460517417,6.076269304605174e-09,1
6.0820848208605e-09,0.3413750758194445,6.0820848208605e-09,0.8208482086050002,6.0820848208605e-09,1
6.083466025739268e-09,0.2814339661353933,6.083466025739268e-09,0.8346602573926775,6.083466025739268e-09,1
6.086228435496803e-09,0.1830891790380352,6.086228435496803e-09,0.862284354968032,6.086228435496803e-09,1
6.088572883363602e-09,0.1320345323408521,6.088572883363602e-09,0.8857288336360158,6.088572883363602e-09,1
6.091313343943888e-09,0.1003962200932139,6.091313343943888e-09,0.9131334394388771,6.091313343943888e-09,1
6.09343107388083e-09,0.08388884802311727,6.09343107388083e-09,0.9343107388083051,6.09343107388083e-09,1
6.095862467599164e-09,0.06711243621922122,6.095862467599164e-09,0.9586246759916386,6.095862467599164e-09,1
6.097931233799582e-09,0.05492808695466438,6.097931233799582e-09,0.9793123379958154,6.097931233799582e-09,1
6.1e-09,0.0447558755144053,6.1e-09,1,6.1e-09,1
6.10004591149465e-09,0.04443184240450465,6.10004591149465e-09,1,6.10004591149465e-09,1
6.100137734483949e-09,0.04378159225444208,6.100137734483949e-09,1,6.100137734483949e-09,1
6.100321380462547e-09,0.04251470896610027,6.100321380462547e-09,1,6.100321380462547e-09,1
6.100688672419744e-09,0.04011176713461388,6.100688672419744e-09,1,6.100688672419744e-09,1
6.101423256334138e-09,0.03577382873779063,6.101423256334138e-09,1,6.101423256334138e-09,1
6.102892424162925e-09,0.02865334717670455,6.102892424162925e-09,1,6.102892424162925e-09,1
6.105830759820499e-09,0.01886038149269478,6.105830759820499e-09,1,6.105830759820499e-09,1
6.110179613046698e-09,0.01098306839646853,6.110179613046698e-09,1,6.110179613046698e-09,1
6.115721954628311e-09,0.006435840949947079,6.115721954628311e-09,1,6.115721954628311e-09,1
6.122484720545456e-09,0.004168677535697089,6.122484720545456e-09,1,6.122484720545456e-09,1
6.131438386174682e-09,0.002839297969026338,6.131438386174682e-09,1,6.131438386174682e-09,1
6.144080604387342e-09,0.001986982608000629,6.144080604387342e-09,1,6.144080604387342e-09,1
6.161638223605058e-09,0.001370368413208502,6.161638223605058e-09,1,6.161638223605058e-09,1
6.185307679435624e-09,0.0009602810154578304,6.185307679435624e-09,1,6.185307679435624e-09,1
6.216481326041195e-09,0.0006738232439397401,6.216481326041195e-09,1,6.216481326041195e-09,1
6.25818820320359e-09,0.000478611611223693,6.25818820320359e-09,1,6.25818820320359e-09,1
6.314245420261475e-09,0.0003356201909960823,6.314245420261475e-09,1,6.314245420261475e-09,1
6.389928065264137e-09,0.000238720178613405,6.389928065264137e-09,1,6.389928065264137e-09,1
6.492129364813657e-09,0.0001658961987629008,6.492129364813657e-09,1,6.492129364813657e-09,1
6.630495346402393e-09,0.0001183826755422156,6.630495346402393e-09,1,6.630495346402393e-09,1
6.818448195269591e-09,8.079110752502863e-05,6.818448195269591e-09,1,6.818448195269591e-09,1
7.07457596372315e-09,5.798514951044703e-05,7.07457596372315e-09,1,7.07457596372315e-09,1
7.287287981861575e-09,4.375081667205293e-05,7.287287981861575e-09,1,7.287287981861575e-09,1
7.499999999999999e-09,3.782551032151122e-05,7.499999999999999e-09,1,7.499999999999999e-09,1
7.500585937499999e-09,-0.0001710081242274448,7.500585937499999e-09,1,7.500585937499999e-09,0.9960937500000024
7.501757812499998e-09,-0.0005659611970600019,7.501757812499998e-09,1,7.501757812499998e-09,0.9882812500000074
7.504101562499997e-09,-0.001135236844219368,7.504101562499997e-09,1,7.504101562499997e-09,0.9726562500000172
7.508789062499994e-09,-0.001657911445645698,7.508789062499994e-09,1,7.508789062499994e-09,0.941406250000037
7.515314859273065e-09,-0.001937333796497732,7.515314859273065e-09,1,7.515314859273065e-09,0.8979009381795601
7.527265549985782e-09,-0.00240261170071728,7.527265549985782e-09,1,7.527265549985782e-09,0.8182296667614486
7.546477717457932e-09,-0.003846418710087326,7.546477717457932e-09,1,7.546477717457932e-09,0.6901485502804512
7.555446169980592e-09,-0.004992577035019182,7.555446169980592e-09,1,7.555446169980592e-09,0.6303588667960491
7.573383075025913e-09,-0.008588497335617409,7.573383075025913e-09,1,7.573383075025913e-09,0.510779499827245
7.58633503441121e-09,-0.01093191877663799,7.58633503441121e-09,1,7.58633503441121e-09,0.4244331039252626
7.595575408576286e-09,-0.007014368718641183,7.595575408576286e-09,1,7.595575408576286e-09,0.3628306094914245
7.603510003854982e-09,0.03046832477744875,7.603510003854982e-09,1,7.603510003854982e-09,0.3099333076334508
7.609544007808397e-09,0.1093958256210733,7.609544007808397e-09,1,7.609544007808397e-09,0.2697066146106849
7.614414607241201e-09,0.2082065626057023,7.614414607241201e-09,1,7.614414607241201e-09,0.2372359517253201
7.620527824710511e-09,0.3662108557476035,7.620527824710511e-09,1,7.620527824710511e-09,0.196481168596587
7.624859374261773e-09,0.5042276515380076,7.624859374261773e-09,1,7.624859374261773e-09,0.1676041715881781
7.627653616449879e-09,0.6002525514269724,7.627653616449879e-09,1,7.627653616449879e-09,0.1489758903341372
7.63053418697768e-09,0.698471375870279,7.63053418697768e-09,1,7.63053418697768e-09,0.1297720868154614
7.633231513978375e-09,0.7785688285556924,7.633231513978375e-09,1,7.633231513978375e-09,0.1117899068108273
7.636290711319685e-09,0.8453115379697849,7.636290711319685e-09,1,7.636290711319685e-09,0.09139525786876124
7.639389542018561e-09,0.8918797292563437,7.639389542018561e-09,1,7.639389542018561e-09,0.07073638654291925
7.643203003028706e-09,0.9294167458522087,7.643203003028706e-09,1,7.643203003028706e-09,0.04531331314195242
7.646601501514352e-09,0.9509598526505402,7.646601501514352e-09,1,7.646601501514352e-09,0.0226566565709827
7.649999999999999e-09,0.9651618716013884,7.649999999999999e-09,1,7.649999999999999e-09,0
7.650021619301223e-09,0.9652416163273081,7.650021619301223e-09,1,7.650021619301223e-09,0
7.650064857903672e-09,0.9654030887011363,7.650064857903672e-09,1,7.650064857903672e-09,0
7.650151335108569e-09,0.9657247043090884,7.650151335108569e-09,1,7.650151335108569e-09,0
7.650324289518362e-09,0.966358220953521,7.650324289518362e-09,1,7.650324289518362e-09,0
7.650410766723259e-09,0.966670842739453,7.650410766723259e-09,1,7.650410766723259e-09,0
7.650583721133053e-09,0.9672855874964965,7.650583721133053e-09,1,7.650583721133053e-09,0
7.650929629952641e-09,0.9684801480510113,7.650929629952641e-09,1,7.650929629952641e-09,0
7.651102584362435e-09,0.9690584012048951,7.651102584362435e-09,1,7.651102584362435e-09,0
7.651448493182023e-09,0.9701808476232575,7.651448493182023e-09,1,7.651448493182023e-09,0
7.652140310821198e-09,0.9722846802045571,7.652140310821198e-09,1,7.652140310821198e-09,0
7.653523946099549e-09,0.9759815913970757,7.653523946099549e-09,1,7.653523946099549e-09,0
7.654215763738724e-09,0.9775980230706041,7.654215763738724e-09,1,7.654215763738724e-09,0
7.655599399017075e-09,0.9804229662098433,7.655599399017075e-09,1,7.655599399017075e-09,0
7.658366669573777e-09,0.9848108680771204,7.658366669573777e-09,1,7.658366669573777e-09,0
7.663408451088266e-09,0.9899038320076844,7.663408451088266e-09,1,7.663408451088266e-09,0
7.672213329633288e-09,0.9941812309696798,7.672213329633288e-09,1,7.672213329633288e-09,0
7.682972501353565e-09,0.9961808895626519,7.682972501353565e-09,1,7.682972501353565e-09,0
7.697285695112102e-09,0.9973301724793601,7.697285695112102e-09,1,7.697285695112102e-09,0
7.717435830353329e-09,0.9981314109564335,7.717435830353329e-09,1,7.717435830353329e-09,0
7.747287042229696e-09,0.998733996619382,7.747287042229696e-09,1,7.747287042229696e-09,0
7.786151514144103e-09,0.9991233771544827,7.786151514144103e-09,1,7.786151514144103e-09,0
7.837866650149338e-09,0.9993892498653105,7.837866650149338e-09,1,7.837866650149338e-09,0
7.906447991086214e-09,0.999571504603274,7.906447991086214e-09,1,7.906447991086214e-09,0
7.999694400849696e-09,0.9996994642315924,7.999694400849696e-09,1,7.999694400849696e-09,0
8.126177238705205e-09,0.9997892410166843,8.126177238705205e-09,1,8.126177238705205e-09,0
8.298680208120292e-09,0.99985191941165,8.298680208120292e-09,1,8.298680208120292e-09,0
8.534214353563469e-09,0.9998962386558267,8.534214353563469e-09,1,8.534214353563469e-09,0
8.857343157496489e-09,0.999927104012076,8.857343157496489e-09,1,8.857343157496489e-09,0
9.302077119306878e-09,0.9999492343042631,9.302077119306878e-09,1,9.302077119306878e-09,0
9.915891008446706e-09,0.9999645143617137,9.915891008446706e-09,1,9.915891008446706e-09,0
1.045794550422335e-08,0.9999724464144808,1.045794550422335e-08,1,1.045794550422335e-08,0
1.1e-08,0.9999773792570624,1.1e-08,1,1.1e-08,0
1.1000390625e-08,0.999449626577075,1.1000390625e-08,0.996093750000008,1.1000390625e-08,0
1.1001171875e-08,0.9985020111389856,1.1001171875e-08,0.988281250000024,1.1001171875e-08,0
1.1002734375e-08,0.9971313470791716,1.1002734375e-08,0.9726562500000558,1.1002734375e-08,0
1.100585937499999e-08,0.9955762166054815,1.100585937499999e-08,0.9414062500001197,1.100585937499999e-08,0
1.101143317672497e-08,0.9944472061106212,1.101143317672497e-08,0.8856682327503269,1.101143317672497e-08,0
1.101891741065925e-08,0.9939832862777627,1.101891741065925e-08,0.8108258934074861,1.101891741065925e-08,0
1.103032614719165e-08,0.9939089129443155,1.103032614719165e-08,0.6967385280835443,1.103032614719165e-08,0
1.105057498265999e-08,0.9961800459883237,1.105057498265999e-08,0.4942501734001337,1.105057498265999e-08,0
1.105497210626278e-08,0.9963575073084462,1.105497210626278e-08,0.4502789373721653,1.105497210626278e-08,0
1.106376635346838e-08,0.9971263645023849,1.106376635346838e-08,0.3623364653162285,1.106376635346838e-08,0
1.107055974418137e-08,1.000552757172529,1.107055974418137e-08,0.294402558186261,1.107055974418137e-08,0
1.107704077105522e-08,1.005964376407158,1.107704077105522e-08,0.2295922894478235,1.107704077105522e-08,0
1.10836692162379e-08,1.00871782981064,1.10836692162379e-08,0.1633078376210405,1.10836692162379e-08,0
1.108572323533772e-08,1.00700391563122,1.108572323533772e-08,0.1427676466228405,1.108572323533772e-08,0
1.108733066041541e-08,1.005170537916511,1.108733066041541e-08,0.1266933958459032,1.108733066041541e-08,0
1.108905406884738e-08,1.002308158843189,1.108905406884738e-08,0.1094593115261709,1.108905406884738e-08,0
1.109024576519386e-08,0.9983860685841476,1.109024576519386e-08,0.09754234806140483,1.109024576519386e-08,0
1.109168477012544e-08,0.9853595007892536,1.109168477012544e-08,0.08315229874560348,1.109168477012544e-08,0
1.109281007017729e-08,0.9656526180570368,1.109281007017729e-08,0.07189929822707986,1.109281007017729e-08,0
1.109407709521262e-08,0.9321219172478904,1.109407709521262e-08,0.05922904787380123,1.109407709521262e-08,0
1.109545543204884e-08,0.8863780849844973,1.109545543204884e-08,0.04544567951165335,1.109545543204884e-08,0
1.109685960897631e-08,0.8336970775529793,1.109685960897631e-08,0.03140391023693356,1.109685960897631e-08,0
1.109833433325098e-08,0.7733879469691063,1.109833433325098e-08,0.016656667490209,1.109833433325098e-08,0
1.11e-08,0.6991466124665807,1.11e-08,7.66053886991358e-15,1.11e-08,0
1.110004137816469e-08,0.6973203358189791,1.110004137816469e-08,0,1.110004137816469e-08,0
1.110012413449407e-08,0.6936611031609107,1.110012413449407e-08,0,1.110012413449407e-08,0
1.110028964715283e-08,0.6862706328327909,1.110028964715283e-08,0,1.110028964715283e-08,0
1.110062067247035e-08,0.67119332570996,1.110062067247035e-08,0,1.110062067247035e-08,0
1.110128272310539e-08,0.6398469809315069,1.110128272310539e-08,0,1.110128272310539e-08,0
1.110260682437547e-08,0.5724275077990695,1.110260682437547e-08,0,1.110260682437547e-08,0
1.110525502691563e-08,0.4241824070295747,1.110525502691563e-08,0,1.110525502691563e-08,0
1.110813157539425e-08,0.2654173194730179,1.110813157539425e-08,0,1.110813157539425e-08,0
1.111048190043172e-08,0.1679675520940002,1.111048190043172e-08,0,1.111048190043172e-08,0
1.111252376058409e-08,0.113341059238951,1.111252376058409e-08,0,1.111252376058409e-08,0
1.111552527238815e-08,0.06388459662957692,1.111552527238815e-08,0,1.111552527238815e-08,0
1.111799930711194e-08,0.04056953855807278,1.111799930711194e-08,0,1.111799930711194e-08,0
1.112099714206372e-08,0.02436350818593865,1.112099714206372e-08,0,1.112099714206372e-08,0
1.112444789665048e-08,0.01451614264788216,1.112444789665048e-08,0,1.112444789665048e-08,0
1.11285846610537e-08,0.008732844641171677,1.11285846610537e-08,0,1.11285846610537e-08,0
1.113376984969543e-08,0.005433019961559213,1.113376984969543e-08,0,1.113376984969543e-08,0
1.11405482661098e-08,0.003584354831999521,1.11405482661098e-08,0,1.11405482661098e-08,0
1.11499942902036e-08,0.002480946343527626,1.11499942902036e-08,0,1.11499942902036e-08,0
1.116403184035912e-08,0.001730309522136783,1.116403184035912e-08,0,1.116403184035912e-08,0
1.118548798081305e-08,0.00116988139134969,1.118548798081305e-08,0,1.118548798081305e-08,0
1.121277055221538e-08,0.0008171268909572271,1.121277055221538e-08,0,1.121277055221538e-08,0
1.124893373662711e-08,0.0005738625721494027,1.124893373662711e-08,0,1.124893373662711e-08,0
1.129663307913867e-08,0.0004068040788248029,1.129663307913867e-08,0,1.129663307913867e-08,0
1.136172031368335e-08,0.0002857060669907405,1.136172031368335e-08,0,1.136172031368335e-08,0
1.144947258048899e-08,0.0002014170760027322,1.144947258048899e-08,0,1.144947258048899e-08,0
1.156867301312738e-08,0.0001427300511704791,1.156867301312738e-08,0,1.156867301312738e-08,0
1.173001103345705e-08,0.0001011967475330506,1.173001103345705e-08,0,1.173001103345705e-08,0
1.195020114861937e-08,7.059804911213416e-05,1.195020114861937e-08,0,1.195020114861937e-08,0
1.225079262434694e-08,5.010665719070996e-05,1.225079262434694e-08,0,1.225079262434694e-08,0
1.266368533396973e-08,3.447841619612276e-05,1.266368533396973e-08,0,1.266368533396973e-08,0
1.323093505150172e-08,2.451558954750703e-05,1.323093505150172e-08,0,1.323093505150172e-08,0
1.40143840820455e-08,1.638146337454067e-05,1.40143840820455e-08,0,1.40143840820455e-08,0
1.5e-08,1.205048632954628e-05,1.5e-08,0,1.5e-08,0
1.50005859375e-08,0.0001026251957420242,1.50005859375e-08,0,1.50005859375e-08,0.003906250000008565
1.50017578125e-08,0.0002353195656338475,1.50017578125e-08,0,1.50017578125e-08,0.0117187500000257
1.500410156250001e-08,0.000303878025584078,1.500410156250001e-08,0,1.500410156250001e-08,0.02734375000005996
1.500878906250002e-08,0.000204707379076816,1.500878906250002e-08,0,1.500878906250002e-08,0.05859375000012848
1.501479498939031e-08,8.885031660975682e-05,1.501479498939031e-08,0,1.501479498939031e-08,0.09863326260209833
1.502441106605253e-08,5.552253571029515e-05,1.502441106605253e-08,0,1.502441106605253e-08,0.1627404403501907
1.504136108067733e-08,9.158564103629586e-05,1.504136108067733e-08,0,1.504136108067733e-08,0.2757405378488448
1.505297826758431e-08,0.0001272797469289464,1.505297826758431e-08,0,1.505297826758431e-08,0.3531884505621047
1.506275606285735e-08,0.0001158541072453462,1.506275606285735e-08,0,1.506275606285735e-08,0.4183737523823717
1.507146335107178e-08,-8.303535878925505e-05,1.507146335107178e-08,0,1.507146335107178e-08,0.4764223404785575
1.508201271206644e-08,-0.001073270631905778,1.508201271206644e-08,0,1.508201271206644e-08,0.5467514137762911
1.50898911015334e-08,-0.002979752548013882,1.50898911015334e-08,0,1.50898911015334e-08,0.5992740102226477
1.509724097010883e-08,-0.006054074453529643,1.509724097010883e-08,0,1.509724097010883e-08,0.6482731340588503
1.509932698378098e-08,-0.007224556146565612,1.509932698378098e-08,0,1.509932698378098e-08,0.6621798918732319
1.51034990111253e-08,-0.0101080332849851,1.51034990111253e-08,0,1.51034990111253e-08,0.6899934075019949
1.510673610078363e-08,-0.01295168905125564,1.510673610078363e-08,0,1.510673610078363e-08,0.7115740052242245
1.510984108335672e-08,-0.01644782626836473,1.510984108335672e-08,0,1.510984108335672e-08,0.7322738890447915
1.511382712933238e-08,-0.0229064109090842,1.511382712933238e-08,0,1.511382712933238e-08,0.7588475288825119
1.511726665098653e-08,-0.03113349360330428,1.511726665098653e-08,0,1.511726665098653e-08,0.7817776732435254
1.512003093293976e-08,-0.03927746922561511,1.512003093293976e-08,0,1.512003093293976e-08,0.8002062195983782
1.512343990942815e-08,-0.04863742517246163,1.512343990942815e-08,0,1.512343990942815e-08,0.822932729521034
1.512583318936854e-08,-0.05391590521333868,1.512583318936854e-08,0,1.512583318936854e-08,0.8388879291236383
1.512837440841285e-08,-0.05508856576135886,1.512837440841285e-08,0,1.512837440841285e-08,0.855829389419023
1.512973421946952e-08,-0.0477305956357752,1.512973421946952e-08,0,1.512973421946952e-08,0.8648947964634797
1.513140445141059e-08,-0.01419033214907973,1.513140445141059e-08,0,1.513140445141059e-08,0.8760296760706098
1.513294619087618e-08,0.04672222642275538,1.513294619087618e-08,0,1.513294619087618e-08,0.8863079391745287
1.513511299298935e-08,0.168997317045373,1.513511299298935e-08,0,1.513511299298935e-08,0.9007532865956468
1.513724746714623e-08,0.312830751124178,1.513724746714623e-08,0,1.513724746714623e-08,0.914983114308178
1.513922927544376e-08,0.4525130623355574,1.513922927544376e-08,0,1.513922927544376e-08,0.9281951696250749
1.514133995704508e-08,0.5966169639750162,1.514133995704508e-08,0,1.514133995704508e-08,0.9422663803005564
1.514368800313487e-08,0.732624676563959,1.514368800313487e-08,0,1.514368800313487e-08,0.9579200208991547
1.514582135720095e-08,0.8178085369440813,1.514582135720095e-08,0,1.514582135720095e-08,0.9721423813396882
1.514800771917869e-08,0.8735130210915464,1.514800771917869e-08,0,1.514800771917869e-08,0.9867181278579461
1.515e-08,0.9084243905628706,1.515e-08,0,1.515e-08,1
1.515000888264601e-08,0.9085528682821666,1.515000888264601e-08,0,1.515000888264601e-08,1
1.515002664793802e-08,0.908810900612209,1.515002664793802e-08,0,1.515002664793802e-08,1
1.515003553058403e-08,0.9089402860950622,1.515003553058403e-08,0,1.515003553058403e-08,1
1.515005329587604e-08,0.9091979648695436,1.515005329587604e-08,0,1.515005329587604e-08,1
1.515008882646007e-08,0.9097115182652561,1.515008882646007e-08,0,1.515008882646007e-08,1
1.515015988762812e-08,0.9107306130098478,1.515015988762812e-08,0,1.515015988762812e-08,1
1.515030200996423e-08,0.9127291547409466,1.515030200996423e-08,0,1.515030200996423e-08,1
1.515037307113228e-08,0.9137121142985869,1.515037307113228e-08,0,1.515037307113228e-08,1
1.515051519346839e-08,0.9156444272438601,1.515051519346839e-08,0,1.515051519346839e-08,1
1.51507994381406e-08,0.9193788024007963,1.51507994381406e-08,0,1.51507994381406e-08,1
1.515136792748503e-08,0.9263566595932046,1.515136792748503e-08,0,1.515136792748503e-08,1
1.515250490617389e-08,0.9385623109554182,1.515250490617389e-08,0,1.515250490617389e-08,1
1.515477886355161e-08,0.9573476216524713,1.515477886355161e-08,0,1.515477886355161e-08,1
1.515870073355967e-08,0.9775860775428187,1.515870073355967e-08,0,1.515870073355967e-08,1
1.516314142855134e-08,0.9893239848070182,1.516314142855134e-08,0,1.516314142855134e-08,1
1.516837365208038e-08,0.9956447238899405,1.516837365208038e-08,0,1.516837365208038e-08,1
1.517458144866943e-08,0.9985516888182285,1.517458144866943e-08,0,1.517458144866943e-08,1
1.518256852414007e-08,0.9996772484805829,1.518256852414007e-08,0,1.518256852414007e-08,1
1.519335263948527e-08,0.9999976523741498,1.519335263948527e-08,0,1.519335263948527e-08,1
1.520911322608699e-08,0.9999995095139775,1.520911322608699e-08,0,1.520911322608699e-08,1
1.52359289086926e-08,1.00000053510566,1.52359289086926e-08,0,1.52359289086926e-08,1
1.528642644106568e-08,0.999999406166824,1.528642644106568e-08,0,1.528642644106568e-08,1
1.538742150581184e-08,1.000000562670991,1.538742150581184e-08,0,1.538742150581184e-08,1
1.558941163530417e-08,0.9999994135286341,1.558941163530417e-08,0,1.558941163530417e-08,1
1.579470581765209e-08,1.000000551796343,1.579470581765209e-08,0,1.579470581765209e-08,1
1.6e-08,0.9999994262961599,1.6e-08,0,1.6e-08,1
1.6000390625e-08,1.00112872499969,1.6000390625e-08,0.003906250000008565,1.6000390625e-08,1
1.6001171875e-08,1.003255860197441,1.6001171875e-08,0.01171875000002569,1.6001171875e-08,1
1.600273437500001e-08,1.006716475688425,1.600273437500001e-08,0.02734375000005996,1.600273437500001e-08,1
1.600585937500001e-08,1.011286878397334,1.600585937500001e-08,0.05859375000012847,1.600585937500001e-08,1
1.601124306214351e-08,1.015103874153348,1.601124306214351e-08,0.1124306214350583,1.601124306214351e-08,1
1.601846127237012e-08,1.017227862515535,1.601846127237012e-08,0.1846127237012312,1.601846127237012e-08,1
1.602758313345427e-08,1.019198073760104,1.602758313345427e-08,0.2758313345427078,1.602758313345427e-08,1
1.604033750129381e-08,1.022850462707794,1.604033750129381e-08,0.4033750129380552,1.604033750129381e-08,1
1.604705131142746e-08,1.023007204134273,1.604705131142746e-08,0.4705131142745566,1.604705131142746e-08,1
1.60533318488333e-08,1.013506243924062,1.60533318488333e-08,0.5333184883329941,1.60533318488333e-08,1
1.605910911577056e-08,0.9819569975463264,1.605910911577056e-08,0.5910911577055979,1.605910911577056e-08,1
1.606533194819557e-08,0.9003067682795212,1.606533194819557e-08,0.6533194819556507,1.606533194819557e-08,1
1.607073716061199e-08,0.7756502580365949,1.607073716061199e-08,0.7073716061199192,1.607073716061199e-08,1
1.607667110769687e-08,0.5718022927400576,1.607667110769687e-08,0.7667110769686994,1.607667110769687e-08,1
1.608255933813336e-08,0.3216228191147761,1.608255933813336e-08,0.8255933813336203,1.608255933813336e-08,1
1.608388402705502e-08,0.2652903551141191,1.608388402705502e-08,0.8388402705502184,1.608388402705502e-08,1
1.608653340489834e-08,0.1751818984481826,1.608653340489834e-08,0.8653340489834145,1.608653340489834e-08,1
1.608884390818526e-08,0.1283841898510946,1.608884390818526e-08,0.8884390818525644,1.608884390818526e-08,1
1.609160818015986e-08,0.09811505364357269,1.609160818015986e-08,0.9160818015986384,1.609160818015986e-08,1
1.609371772121721e-08,0.08196331868930648,1.609371772121721e-08,0.9371772121720758,1.609371772121721e-08,1
1.609625807753467e-08,0.06485871732405932,1.609625807753467e-08,0.962580775346688,1.609625807753467e-08,1
1.609812903876734e-08,0.05395112806601687,1.609812903876734e-08,0.9812903876733484,1.609812903876734e-08,1
1.61e-08,0.04478934316840352,1.61e-08,1,1.61e-08,1
1.610004693998848e-08,0.04445704530164379,1.610004693998848e-08,1,1.610004693998848e-08,1
1.610014081996545e-08,0.04379068807378611,1.610014081996545e-08,1,1.610014081996545e-08,1
1.610032857991937e-08,0.04249336369180584,1.610032857991937e-08,1,1.610032857991937e-08,1
1.610070409982723e-08,0.04003596225690919,1.610070409982723e-08,1,1.610070409982723e-08,1
1.610145513964294e-08,0.03561099330440654,1.610145513964294e-08,1,1.610145513964294e-08,1
1.610295721927435e-08,0.02838155178779326,1.610295721927435e-08,1,1.610295721927435e-08,1
1.610596137853718e-08,0.01852180491811765,1.610596137853718e-08,1,1.610596137853718e-08,1
1.61103690125431e-08,0.01074632347713767,1.61103690125431e-08,1,1.61103690125431e-08,1
1.611598818971892e-08,0.006294006927549793,1.611598818971892e-08,1,1.611598818971892e-08,1
1.612285933598566e-08,0.004086120148454379,1.612285933598566e-08,1,1.612285933598566e-08,1
1.613201134660614e-08,0.002781677840617061,1.613201134660614e-08,1,1.613201134660614e-08,1
1.614499590924394e-08,0.001942945460349179,1.614499590924394e-08,1,1.614499590924394e-08,1
1.616296363264642e-08,0.001338008231736121,1.616296363264642e-08,1,1.616296363264642e-08,1
1.618723801702088e-08,0.0009366167246597308,1.618723801702088e-08,1,1.618723801702088e-08,1
1.621924098634683e-08,0.0006559948761389936,1.621924098634683e-08,1,1.621924098634683e-08,1
1.626216960842723e-08,0.0004653678777197042,1.626216960842723e-08,1,1.626216960842723e-08,1
1.631995587325981e-08,0.0003255263862519978,1.631995587325981e-08,1,1.631995587325981e-08,1
1.639812232102826e-08,0.0002313458746692503,1.639812232102826e-08,1,1.639812232102826e-08,1
1.650385714210768e-08,0.0001602771254510208,1.650385714210768e-08,1,1.650385714210768e-08,1
1.664728640493974e-08,0.0001143812569288051,1.664728640493974e-08,1,1.664728640493974e-08,1
1.684249190392327e-08,7.771779643646311e-05,1.684249190392327e-08,1,1.684249190392327e-08,1
1.710903063247726e-08,5.588815194824871e-05,1.710903063247726e-08,1,1.710903063247726e-08,1
1.747427433242118e-08,3.639446433814722e-05,1.747427433242118e-08,1,1.747427433242118e-08,1
1.797606866055089e-08,2.659715301333235e-05,1.797606866055089e-08,1,1.797606866055089e-08,1
1.866775083364169e-08,1.57016031553811e-05,1.866775083364169e-08,1,1.866775083364169e-08,1
1.962319330905513e-08,1.193113318864714e-05,1.962319330905513e-08,1,1.962319330905513e-08,1
2.031159665452757e-08,7.075946839846083e-06,2.031159665452757e-08,1,2.031159665452757e-08,1
2.1e-08,7.554351080536437e-06,2.1e-08,1,2.1e-08,1
2.1000390625e-08,-0.00104697095279394,2.1000390625e-08,0.9960937499999831,2.1000390625e-08,1
2.100117187500001e-08,-0.002963771498846716,2.100117187500001e-08,0.988281249999966,2.100117187500001e-08,1
2.100273437500001e-08,-0.005770470762548809,2.100273437500001e-08,0.9726562499999317,2.100273437500001e-08,1
2.100585937500002e-08,-0.008822561592746359,2.100585937500002e-08,0.9414062499998632,2.100585937500002e-08,1
2.101066200750756e-08,-0.01061338705485249,2.101066200750756e-08,0.8933799249244438,2.101066200750756e-08,1
2.101703031445221e-08,-0.01169094205907873,2.101703031445221e-08,0.8296968554779318,2.101703031445221e-08,1
2.102574922962931e-08,-0.01338563336781881,2.102574922962931e-08,0.7425077037069487,2.102574922962931e-08,1
2.103964699092426e-08,-0.01840783222997103,2.103964699092426e-08,0.6035300907574312,2.103964699092426e-08,1
2.104562813306627e-08,-0.02013754633206685,2.104562813306627e-08,0.5437186693373399,2.104562813306627e-08,1
2.105307503084501e-08,-0.01150531412995536,2.105307503084501e-08,0.4692496915499533,2.105307503084501e-08,1
2.105874255955099e-08,0.01823946809590275,2.105874255955099e-08,0.4125744044901393,2.105874255955099e-08,1
2.106505455581406e-08,0.1049425226461747,2.106505455581406e-08,0.3494544418593762,2.106505455581406e-08,1
2.107013990955317e-08,0.2256250319093888,2.107013990955317e-08,0.2986009044683083,2.107013990955317e-08,1
2.107594317644017e-08,0.4208041479660803,2.107594317644017e-08,0.2405682355983159,2.107594317644017e-08,1
2.108036763497375e-08,0.6020847535165792,2.108036763497375e-08,0.1963236502624757,2.108036763497375e-08,1
2.108513755364076e-08,0.7955611020348514,2.108513755364076e-08,0.14862446359246,2.108513755364076e-08,1
2.108602558703854e-08,0.8264541511118382,2.108602558703854e-08,0.1397441296146628,2.108602558703854e-08,1
2.10878016538341e-08,0.8737105474881085,2.10878016538341e-08,0.1219834616590686,2.10878016538341e-08,1
2.108993711187759e-08,0.9095847478589095,2.108993711187759e-08,0.1006288812241587,2.108993711187759e-08,1
2.109277619869204e-08,0.9384779951862189,2.109277619869204e-08,0.07223801307962607,2.109277619869204e-08,1
2.109526491435371e-08,0.9542548365835654,2.109526491435371e-08,0.04735085646289439,2.109526491435371e-08,1
2.109763245717686e-08,0.9639831393420042,2.109763245717686e-08,0.02367542823143853,2.109763245717686e-08,1
2.11e-08,0.9704988451125881,2.11e-08,0,2.11e-08,1
2.110006681609659e-08,0.9708272936120436,2.110006681609659e-08,0,2.110006681609659e-08,1
2.110020044828976e-08,0.971489705951767,2.110020044828976e-08,0,2.110020044828976e-08,1
2.110026726438635e-08,0.9718160966686994,2.110026726438635e-08,0,2.110026726438635e-08,1
2.110040089657952e-08,0.9724550824249106,2.110040089657952e-08,0,2.110040089657952e-08,1
2.110066816096586e-08,0.9736911354279371,2.110066816096586e-08,0,2.110066816096586e-08,1
2.110120268973854e-08,0.9759940046909455,2.110120268973854e-08,0,2.110120268973854e-08,1
2.110227174728391e-08,0.9800064003819869,2.110227174728391e-08,0,2.110227174728391e-08,1
2.110440986237464e-08,0.9861308491036939,2.110440986237464e-08,0,2.110440986237464e-08,1
2.110868609255611e-08,0.9934213683745847,2.110868609255611e-08,0,2.110868609255611e-08,1
2.111014694673188e-08,0.9948298857844793,2.111014694673188e-08,0,2.111014694673188e-08,1
2.111306865508343e-08,0.9968224935535152,2.111306865508343e-08,0,2.111306865508343e-08,1
2.11145295092592e-08,0.9974970271630037,2.11145295092592e-08,0,2.11145295092592e-08,1
2.111745121761075e-08,0.9984546827333027,2.111745121761075e-08,0,2.111745121761075e-08,1
2.112329463431384e-08,0.9994441634931746,2.112329463431384e-08,0,2.112329463431384e-08,1
2.113498146772003e-08,0.9999817924226322,2.113498146772003e-08,0,2.113498146772003e-08,1
2.115205279196443e-08,1.00000230291275,2.115205279196443e-08,0,2.115205279196443e-08,1
2.117774877459787e-08,0.9999992177807612,2.117774877459787e-08,0,2.117774877459787e-08,1
2.122350225547942e-08,1.000000008320831,2.122350225547942e-08,0,2.122350225547942e-08,1
2.131500921724251e-08,0.9999997153021116,2.131500921724251e-08,0,2.131500921724251e-08,1
2.149802314076869e-08,0.9999998479795338,2.149802314076869e-08,0,2.149802314076869e-08,1
2.186405098782105e-08,0.9999997818006564,2.186405098782105e-08,0,2.186405098782105e-08,1
2.25e-08,0.9999998161971355,2.25e-08,0,2.25e-08,1
2.25005859375e-08,0.9999612842991565,2.25005859375e-08,0,2.25005859375e-08,0.9960937499999805
2.25017578125e-08,0.9998988686800777,2.25017578125e-08,0,2.25017578125e-08,0.9882812499999633
2.250410156250001e-08,0.9998440151544452,2.250410156250001e-08,0,2.250410156250001e-08,0.9726562499999291
2.250878906250002e-08,0.9998599116227153,2.250878906250002e-08,0,2.250878906250002e-08,0.9414062499998604
2.251446270488417e-08,0.9999186095837292,2.251446270488417e-08,0,2.251446270488417e-08,0.9035819674388541
2.252580998965247e-08,0.9999565796080651,2.252580998965247e-08,0,2.252580998965247e-08,0.8279334023168412
2.254445971927063e-08,0.9999197004695826,2.254445971927063e-08,0,2.254445971927063e-08,0.703601871529093
2.255500828473164e-08,0.9998941793834178,2.255500828473164e-08,0,2.255500828473164e-08,0.6332781017890599
2.256743366490906e-08,0.9999724554462446,2.256743366490906e-08,0,2.256743366490906e-08,0.5504422339396089
2.257641225160573e-08,1.000341262341695,2.257641225160573e-08,0,2.257641225160573e-08,0.4905849892951466
2.258759871283412e-08,1.001958056125881,2.258759871283412e-08,0,2.258759871283412e-08,0.4160085811058725
2.25954341830389e-08,1.004533392337856,2.25954341830389e-08,0,2.25954341830389e-08,0.3637721130739819
2.260287845943955e-08,1.008777152419951,2.260287845943955e-08,0,2.260287845943955e-08,0.3141436037363022
2.260636318707838e-08,1.011624468002433,2.260636318707838e-08,0,2.260636318707838e-08,0.2909120861441371
2.260752434647805e-08,1.012745529161683,2.260752434647805e-08,0,2.260752434647805e-08,0.2831710234796775
2.260984666527738e-08,1.01547425948227,2.260984666527738e-08,0,2.260984666527738e-08,0.2676888981507584
2.261303977656876e-08,1.020445522965582,2.261303977656876e-08,0,2.261303977656876e-08,0.246401489541604
2.261613627803091e-08,1.025894171778456,2.261613627803091e-08,0,2.261613627803091e-08,0.2257581464605797
2.261955326972194e-08,1.025956311117483,2.261955326972194e-08,0,2.261955326972194e-08,0.2029782018537065
2.262398462496615e-08,0.991263794808438,2.262398462496615e-08,0,2.262398462496615e-08,0.1734358335589631
2.262740832478514e-08,0.9241568829315062,2.262740832478514e-08,0,2.262740832478514e-08,0.1506111680990239
2.263110425226347e-08,0.8125951551417075,2.263110425226347e-08,0,2.263110425226347e-08,0.1259716515768257
2.263442188092e-08,0.6791401149468721,2.263442188092e-08,0,2.263442188092e-08,0.103854127200006
2.26379238337648e-08,0.5011788866308338,2.26379238337648e-08,0,2.26379238337648e-08,0.08050777490129313
2.26408009661012e-08,0.3388394505099427,2.26408009661012e-08,0,2.26408009661012e-08,0.0613268926586823
2.264291862008132e-08,0.2305001935995585,2.264291862008132e-08,0,2.264291862008132e-08,0.04720919945786439
2.264519572013627e-08,0.1478178204512881,2.264519572013627e-08,0,2.264519572013627e-08,0.03202853242485859
2.264722852481714e-08,0.1000710068282583,2.264722852481714e-08,0,2.264722852481714e-08,0.0184765012190653
2.264861426240857e-08,0.07707463933393545,2.264861426240857e-08,0,2.264861426240857e-08,0.009238250609522658
2.265e-08,0.05968663736904887,2.265e-08,0,2.265e-08,0
2.265001082607493e-08,0.05957132902125004,2.265001082607493e-08,0,2.265001082607493e-08,0
2.26500324782248e-08,0.05934186209327179,2.26500324782248e-08,0,2.26500324782248e-08,0
2.265007578252453e-08,0.05888607458667293,2.265007578252453e-08,0,2.265007578252453e-08,0
2.2650162391124e-08,0.05798506138381034,2.2650162391124e-08,0,2.2650162391124e-08,0
2.265020569542373e-08,0.05754117727463343,2.265020569542373e-08,0,2.265020569542373e-08,0
2.26502923040232e-08,0.05666310065403155,2.26502923040232e-08,0,2.26502923040232e-08,0
2.265046552122213e-08,0.05495113087332466,2.265046552122213e-08,0,2.265046552122213e-08,0
2.265081195562e-08,0.05169464639509071,2.265081195562e-08,0,2.265081195562e-08,0
2.265150482441574e-08,0.04579960853701803,2.265150482441574e-08,0,2.265150482441574e-08,0
2.26518512588136e-08,0.04314067621133859,2.26518512588136e-08,0,2.26518512588136e-08,0
2.265254412760934e-08,0.03832891815395641,2.265254412760934e-08,0,2.265254412760934e-08,0
2.26539298652008e-08,0.0304275652168444,2.26539298652008e-08,0,2.26539298652008e-08,0
2.265670134038374e-08,0.0196516932849049,2.265670134038374e-08,0,2.265670134038374e-08,0
2.266102116096456e-08,0.01084090795738244,2.266102116096456e-08,0,2.266102116096456e-08,0
2.266608227134266e-08,0.006413963348026492,2.266608227134266e-08,0,2.266608227134266e-08,0
2.267228914707427e-08,0.00412988026810069,2.267228914707427e-08,0,2.267228914707427e-08,0
2.268037434541946e-08,0.00285357279774096,2.268037434541946e-08,0,2.268037434541946e-08,0
2.269234977866555e-08,0.001994375092649193,2.269234977866555e-08,0,2.269234977866555e-08,0
2.271127356157735e-08,0.001349547033913663,2.271127356157735e-08,0,2.271127356157735e-08,0
2.27360611276916e-08,0.0009335036498596454,2.27360611276916e-08,0,2.27360611276916e-08,0
2.276860302831165e-08,0.000655030836465443,2.276860302831165e-08,0,2.276860302831165e-08,0
2.281130991941329e-08,0.0004624922152278842,2.281130991941329e-08,0,2.281130991941329e-08,0
2.286927901714768e-08,0.0003271162520164511,2.286927901714768e-08,0,2.286927901714768e-08,0
2.294761032094541e-08,0.000231583948651016,2.294761032094541e-08,0,2.294761032094541e-08,0
2.305382166069971e-08,0.0001622486998507011,2.305382166069971e-08,0,2.305382166069971e-08,0
2.319761228636725e-08,0.0001148331433006564,2.319761228636725e-08,0,2.319761228636725e-08,0
2.339330455395092e-08,7.997652429093893e-05,2.339330455395092e-08,0,2.339330455395092e-08,0
2.366043372274549e-08,5.654048186859834e-05,2.366043372274549e-08,0,2.366043372274549e-08,0
2.402648794425899e-08,3.879789690981931e-05,2.402648794425899e-08,0,2.402648794425899e-08,0
2.452946051535899e-08,2.734611546277851e-05,2.452946051535899e-08,0,2.452946051535899e-08,0
2.522257770847984e-08,1.816808492018502e-05,2.522257770847984e-08,0,2.522257770847984e-08,0
2.6e-08,1.360472244231381e-05,2.6e-08,0,2.6e-08,0
2.6000390625e-08,0.0005725643822441072,2.6000390625e-08,0.003906250000008565,2.6000390625e-08,0
2.6001171875e-08,0.001557357508210259,2.6001171875e-08,0.01171875000002569,2.6001171875e-08,0
2.600273437500001e-08,0.002897386998751227,2.600273437500001e-08,0.02734375000005996,2.600273437500001e-08,0
2.600585937500001e-08,0.004205249496951053,2.600585937500001e-08,0.05859375000012847,2.600585937500001e-08,0
2.60115853810813e-08,0.004817935964533688,2.60115853810813e-08,0.1158538108130131,2.60115853810813e-08,0
2.601940563927616e-08,0.004833580418407629,2.601940563927616e-08,0.194056392761554,2.601940563927616e-08,0
2.603095310848816e-08,0.004759567968746183,2.603095310848816e-08,0.3095310848815556,2.603095310848816e-08,0
2.60496772793218e-08,0.005021852963943838,2.60496772793218e-08,0.4967727932179674,2.60496772793218e-08,0
2.605499050914663e-08,0.005944097877243536,2.605499050914663e-08,0.5499050914662715,2.605499050914663e-08,0
2.606179296292691e-08,0.00649840097965314,2.606179296292691e-08,0.6179296292690415,2.606179296292691e-08,0
2.606918526440237e-08,0.006040313996577511,2.606918526440237e-08,0.6918526440236505,2.606918526440237e-08,0
2.607544535050491e-08,0.003173368468382413,2.607544535050491e-08,0.7544535050490893,2.607544535050491e-08,0
2.608166941279317e-08,-0.003114432494948308,2.608166941279317e-08,0.8166941279316956,2.608166941279317e-08,0
2.608823052715461e-08,0.02220588388931571,2.608823052715461e-08,0.882305271546086,2.608823052715461e-08,0
2.609316744771826e-08,0.1075635499955076,2.609316744771826e-08,0.931674477182562,2.609316744771826e-08,0
2.60967807614617e-08,0.2121617362652369,2.60967807614617e-08,0.9678076146170199,2.60967807614617e-08,0
2.609839038073085e-08,0.2658201153088376,2.609839038073085e-08,0.9839038073085145,2.609839038073085e-08,0
2.61e-08,0.3242825165808905,2.61e-08,1,2.61e-08,0
2.610016793329256e-08,0.3303885234010569,2.610016793329256e-08,1,2.610016793329256e-08,0
2.610025189993885e-08,0.3334692086481015,2.610025189993885e-08,1,2.610025189993885e-08,0
2.610041983323141e-08,0.3397152533204178,2.610041983323141e-08,1,2.610041983323141e-08,0
2.610075569981653e-08,0.3525549492812038,2.610075569981653e-08,1,2.610075569981653e-08,0
2.610142743298679e-08,0.3796829086917978,2.610142743298679e-08,1,2.610142743298679e-08,0
2.610277089932729e-08,0.4398469736337779,2.610277089932729e-08,1,2.610277089932729e-08,0
2.610545783200829e-08,0.5745049862071636,2.610545783200829e-08,1,2.610545783200829e-08,0
2.61079075773225e-08,0.6954773035746744,2.61079075773225e-08,1,2.61079075773225e-08,0
2.611018873672961e-08,0.7858875803613402,2.611018873672961e-08,1,2.611018873672961e-08,0
2.611237079529088e-08,0.845212450730805,2.611237079529088e-08,1,2.611237079529088e-08,0
2.611531428142822e-08,0.8966340605905002,2.611531428142822e-08,1,2.611531428142822e-08,0
2.611812846245257e-08,0.9281328751965842,2.611812846245257e-08,1,2.611812846245257e-08,0
2.612110843073511e-08,0.9502219382081996,2.612110843073511e-08,1,2.612110843073511e-08,0
2.612487917958081e-08,0.9678572959334533,2.612487917958081e-08,1,2.612487917958081e-08,0
2.612958059222317e-08,0.980458137091631,2.612958059222317e-08,1,2.612958059222317e-08,0
2.613524137041529e-08,0.9883034726742824,2.613524137041529e-08,1,2.613524137041529e-08,0
2.614223924896844e-08,0.992871734779303,2.614223924896844e-08,1,2.614223924896844e-08,0
2.615110119761702e-08,0.9953811927528151,2.615110119761702e-08,1,2.615110119761702e-08,0
2.616296583472096e-08,0.9968172458421849,2.616296583472096e-08,1,2.616296583472096e-08,0
2.617984508841771e-08,0.9977631788411506,2.617984508841771e-08,1,2.617984508841771e-08,0
2.620613045280766e-08,0.9984879006775786,2.620613045280766e-08,1,2.620613045280766e-08,0
2.624023143582993e-08,0.9989655830257317,2.624023143582993e-08,1,2.624023143582993e-08,0
2.628588015896999e-08,0.9992807147557293,2.628588015896999e-08,1,2.628588015896999e-08,0
2.634513058975327e-08,0.99949583585144,2.634513058975327e-08,1,2.634513058975327e-08,0
2.642614255930072e-08,0.9996464192719985,2.642614255930072e-08,1,2.642614255930072e-08,0
2.653598626780209e-08,0.9997485050531711,2.653598626780209e-08,1,2.653598626780209e-08,0
2.668559162420173e-08,0.9998271630897443,2.668559162420173e-08,1,2.668559162420173e-08,0
2.688915589570376e-08,0.9998748335091961,2.688915589570376e-08,1,2.688915589570376e-08,0
2.716791170422345e-08,0.9999149178547809,2.716791170422345e-08,1,2.716791170422345e-08,0
2.755105968520675e-08,0.9999372842328725,2.755105968520675e-08,1,2.755105968520675e-08,0
2.807938702583856e-08,0.9999586202990716,2.807938702583856e-08,1,2.807938702583856e-08,0
2.880948970747521e-08,0.9999684484909407,2.880948970747521e-08,1,2.880948970747521e-08,0
2.940474485373761e-08,0.9999771999999382,2.940474485373761e-08,1,2.940474485373761e-08,0
3e-08,0.9999787100733398,3e-08,1,3e-08,0
3.00005859375e-08,1.000264886259429,3.00005859375e-08,1,3.00005859375e-08,0.003906250000008565
3.00017578125e-08,1.000796682820789,3.00017578125e-08,1,3.00017578125e-08,0.0117187500000257
3.000410156250001e-08,1.001620396993994,3.000410156250001e-08,1,3.000410156250001e-08,0.02734375000005996
3.000878906250002e-08,1.002531050135553,3.000878906250002e-08,1,3.000878906250002e-08,0.05859375000012848
3.001523263287284e-08,1.003186725423644,3.001523263287284e-08,1,3.001523263287284e-08,0.1015508858189397
3.002558847500562e-08,1.003880909485886,3.002558847500562e-08,1,3.002558847500562e-08,0.1705898333708352
3.004232172854609e-08,1.005218378035477,3.004232172854609e-08,1,3.004232172854609e-08,0.2821448569739239
3.005250819188226e-08,1.00653670072851,3.005250819188226e-08,1,3.005250819188226e-08,0.3500546125484034
3.006288232648468e-08,1.00862314726238,3.006288232648468e-08,1,3.006288232648468e-08,0.4192155098978751
3.007161055715961e-08,1.010975425563547,3.007161055715961e-08,1,3.007161055715961e-08,0.4774037143974343
3.0081761372142e-08,1.013846772727921,3.0081761372142e-08,1,3.0081761372142e-08,0.5450758142799996
3.00893712560674e-08,1.01454990953142,3.00893712560674e-08,1,3.00893712560674e-08,0.5958083737826753
3.009719072689884e-08,1.000921509971062,3.009719072689884e-08,1,3.009719072689884e-08,0.6479381793256346
3.010325476553677e-08,0.9610862790969072,3.010325476553677e-08,1,3.010325476553677e-08,0.6883651035785106
3.0107879755358e-08,0.9074214588702378,3.0107879755358e-08,1,3.0107879755358e-08,0.7191983690533563
3.011252054968106e-08,0.8353248658338542,3.011252054968106e-08,1,3.011252054968106e-08,0.750136997873733
3.011708218800814e-08,0.7428103627976149,3.011708218800814e-08,1,3.011708218800814e-08,0.7805479200543176
3.012083654355278e-08,0.6422035445474765,3.012083654355278e-08,1,3.012083654355278e-08,0.8055769570185808
3.012359109195701e-08,0.5460946291764813,3.012359109195701e-08,1,3.012359109195701e-08,0.8239406130467591
3.012644183394295e-08,0.4255602556831237,3.012644183394295e-08,1,3.012644183394295e-08,0.8429455596196574
3.012800128785331e-08,0.3534748852576782,3.012800128785331e-08,1,3.012800128785331e-08,0.8533419190220729
3.012968349784653e-08,0.2784228947744951,3.012968349784653e-08,1,3.012968349784653e-08,0.8645566523101985
3.013119747301341e-08,0.2198693237809793,3.013119747301341e-08,1,3.013119747301341e-08,0.8746498200894393
3.013293474197402e-08,0.1657590410057762,3.013293474197402e-08,1,3.013293474197402e-08,0.8862316131601258
3.013470872959765e-08,0.122794805509579,3.013470872959765e-08,1,3.013470872959765e-08,0.8980581973176861
3.013720074773591e-08,0.07940073282890243,3.013720074773591e-08,1,3.013720074773591e-08,0.914671651572739
3.014050194313966e-08,0.04407664459786845,3.014050194313966e-08,1,3.014050194313966e-08,0.9366796209311026
3.014409918807691e-08,0.02388904993114157,3.014409918807691e-08,1,3.014409918807691e-08,0.9606612538461051
3.014704959403845e-08,0.01555120770451427,3.014704959403845e-08,1,3.014704959403845e-08,0.980330626923024
3.015e-08,0.0109883081269638,3.015e-08,1,3.015e-08,0.9999999999999869
3.015001938719152e-08,0.01096115858205435,3.015001938719152e-08,1,3.015001938719152e-08,1
3.015005816157458e-08,0.01090664380294444,3.015005816157458e-08,1,3.015005816157458e-08,1
3.015007754876611e-08,0.01087945801273363,3.015007754876611e-08,1,3.015007754876611e-08,1
3.015011632314916e-08,0.01082518820135838,3.015011632314916e-08,1,3.015011632314916e-08,1
3.015019387191528e-08,0.01071715361602765,3.015019387191528e-08,1,3.015019387191528e-08,1
3.01503489694475e-08,0.01050346795634239,3.01503489694475e-08,1,3.01503489694475e-08,1
3.015042651821361e-08,0.01039791572457709,3.015042651821361e-08,1,3.015042651821361e-08,1
3.015058161574584e-08,0.01018981270136764,3.015058161574584e-08,1,3.015058161574584e-08,1
3.015089181081028e-08,0.00978707817169956,3.015089181081028e-08,1,3.015089181081028e-08,1
3.015104690834251e-08,0.009592674654302403,3.015104690834251e-08,1,3.015104690834251e-08,1
3.015135710340695e-08,0.009218599036140467,3.015135710340695e-08,1,3.015135710340695e-08,1
3.015197749353585e-08,0.008529469662472911,3.015197749353585e-08,1,3.015197749353585e-08,1
3.015321827379364e-08,0.00737079204624036,3.015321827379364e-08,1,3.015321827379364e-08,1
3.015569983430922e-08,0.005722078177829948,3.015569983430922e-08,1,3.015569983430922e-08,1
3.016066295534039e-08,0.003928907654566455,3.016066295534039e-08,1,3.016066295534039e-08,1
3.016969366669428e-08,0.002613955697348326,3.016969366669428e-08,1,3.016969366669428e-08,1
3.018174227486263e-08,0.00189492725469756,3.018174227486263e-08,1,3.018174227486263e-08,1
3.020008328203038e-08,0.001307797696934755,3.020008328203038e-08,1,3.020008328203038e-08,1
3.022505201808731e-08,0.0009117149962161841,3.022505201808731e-08,1,3.022505201808731e-08,1
3.025829491939585e-08,0.0006383920211651432,3.025829491939585e-08,1,3.025829491939585e-08,1
3.030222133751129e-08,0.0004521362329293607,3.030222133751129e-08,1,3.030222133751129e-08,1
3.036143769217967e-08,0.0003190605623851271,3.036143769217967e-08,1,3.036143769217967e-08,1
3.044149596071892e-08,0.0002256963699989451,3.044149596071892e-08,1,3.044149596071892e-08,1
3.055003696322953e-08,0.0001588802344762834,3.055003696322953e-08,1,3.055003696322953e-08,1
3.069727707079532e-08,0.0001122493720575705,3.069727707079532e-08,1,3.069727707079532e-08,1
3.084863853539766e-08,8.504747872882255e-05,3.084863853539766e-08,1,3.084863853539766e-08,1
3.1e-08,6.879446137569604e-05,3.1e-08,1,3.1e-08,1
3.1000390625e-08,-0.0009584377682666448,3.1000390625e-08,0.9960937500000162,3.1000390625e-08,1
3.1001171875e-08,-0.002889117392128767,3.1001171875e-08,0.9882812499999991,3.1001171875e-08,1
3.100273437500001e-08,-0.005709628729800399,3.100273437500001e-08,0.9726562499999648,3.100273437500001e-08,1
3.100547317486553e-08,-0.008480060370142329,3.100547317486553e-08,0.9452682513447004,3.100547317486553e-08,1
3.100968874757442e-08,-0.01028469356269991,3.100968874757442e-08,0.9031125242557996,3.100968874757442e-08,1
3.101579235849127e-08,-0.01141302670097238,3.101579235849127e-08,0.8420764150873465,3.101579235849127e-08,1
3.102413829799022e-08,-0.01290625469052311,3.102413829799022e-08,0.7586170200978321,3.102413829799022e-08,1
3.103707421481211e-08,-0.01723491992454369,3.103707421481211e-08,0.6292578518789489,3.103707421481211e-08,1
3.104531481392757e-08,-0.01970728252387273,3.104531481392757e-08,0.5468518607243247,3.104531481392757e-08,1
3.105114958884823e-08,-0.01595116170440703,3.105114958884823e-08,0.4885041115176731,3.105114958884823e-08,1
3.105650437708786e-08,0.002168501832218723,3.105650437708786e-08,0.4349562291213853,3.105650437708786e-08,1
3.106314971599142e-08,0.07225706205659539,3.106314971599142e-08,0.3685028400858122,3.106314971599142e-08,1
3.106829307153998e-08,0.176591802954864,3.106829307153998e-08,0.3170692846002151,3.106829307153998e-08,1
3.107380833775393e-08,0.3430379640920576,3.107380833775393e-08,0.2619166224606851,3.107380833775393e-08,1
3.107676612277046e-08,0.4537319583080708,3.107676612277046e-08,0.2323387722953885,3.107676612277046e-08,1
3.107854255718649e-08,0.5257232166933847,3.107854255718649e-08,0.2145744281351439,3.107854255718649e-08,1
3.108023177868388e-08,0.5967239068970268,3.108023177868388e-08,0.1976822131612014,3.108023177868388e-08,1
3.108219480459488e-08,0.6803504538220543,3.108219480459488e-08,0.1780519540511718,3.108219480459488e-08,1
3.108386195055445e-08,0.7496235903300889,3.108386195055445e-08,0.1613804944555246,3.108386195055445e-08,1
3.108583192388376e-08,0.8216679304448968,3.108583192388376e-08,0.1416807611623837,3.108583192388376e-08,1
3.108685670044142e-08,0.8517230876000664,3.108685670044142e-08,0.1314329955858082,3.108685670044142e-08,1
3.108810493483738e-08,0.8803499193063004,3.108810493483738e-08,0.118950651626201,3.108810493483738e-08,1
3.108902651855936e-08,0.8969358186111406,3.108902651855936e-08,0.1097348144064521,3.108902651855936e-08,1
3.109008446970797e-08,0.9124196680414399,3.109008446970797e-08,0.09915530292033203,3.109008446970797e-08,1
3.109116500154394e-08,0.9251913020954952,3.109116500154394e-08,0.0883499845606629,3.109116500154394e-08,1
3.109259569131733e-08,0.9384961952917198,3.109259569131733e-08,0.07404308682674443,3.109259569131733e-08,1
3.109441893197853e-08,0.9510557150931035,3.109441893197853e-08,0.05581068021467772,3.109441893197853e-08,1
3.109676318955794e-08,0.9621607360720047,3.109676318955794e-08,0.03236810442057803,3.109676318955794e-08,1
3.109838159477898e-08,0.9674674296300652,3.109838159477898e-08,0.01618405221026387,3.109838159477898e-08,1
3.11e-08,0.9714559819659118,3.11e-08,1.587618925213974e-14,3.11e-08,1
3.110001264379079e-08,0.9715127268289789,3.110001264379079e-08,0,3.110001264379079e-08,1
3.110003793137237e-08,0.9716360465667371,3.110003793137237e-08,0,3.110003793137237e-08,1
3.110005057516316e-08,0.9716996808396733,3.110005057516316e-08,0,3.110005057516316e-08,1
3.110007586274474e-08,0.9718237847414277,3.110007586274474e-08,0,3.110007586274474e-08,1
3.11001264379079e-08,0.9720716959720135,3.11001264379079e-08,0,3.11001264379079e-08,1
3.110022758823422e-08,0.972559977581419,3.110022758823422e-08,0,3.110022758823422e-08,1
3.110042988888687e-08,0.9735102543403534,3.110042988888687e-08,0,3.110042988888687e-08,1
3.110083449019215e-08,0.9753104462153084,3.110083449019215e-08,0,3.110083449019215e-08,1
3.110164369280272e-08,0.9785451729040815,3.110164369280272e-08,0,3.110164369280272e-08,1
3.110326209802386e-08,0.9837863713630888,3.110326209802386e-08,0,3.110326209802386e-08,1
3.110649890846613e-08,0.9907716756040955,3.110649890846613e-08,0,3.110649890846613e-08,1
3.111157322275574e-08,0.9962460061001842,3.111157322275574e-08,0,3.111157322275574e-08,1
3.111795014636586e-08,0.9988391781069883,3.111795014636586e-08,0,3.111795014636586e-08,1
3.112616513391498e-08,0.9997566862340577,3.112616513391498e-08,0,3.112616513391498e-08,1
3.1137278159419e-08,1.000005254336324,3.1137278159419e-08,0,3.1137278159419e-08,1
3.115369871789183e-08,0.9999974554382244,3.115369871789183e-08,0,3.115369871789183e-08,1
3.118306400501501e-08,1.000001466230785,3.118306400501501e-08,0,3.118306400501501e-08,1
3.123966030258038e-08,0.9999983328555877,3.123966030258038e-08,0,3.123966030258038e-08,1
3.135285289771114e-08,1.000001175776179,3.135285289771114e-08,0,3.135285289771114e-08,1
3.157923808797264e-08,0.9999984643276603,3.157923808797264e-08,0,3.157923808797264e-08,1
3.203200846849565e-08,1.000001113209312,3.203200846849565e-08,0,3.203200846849565e-08,1
3.293754922954167e-08,0.9999984948528498,3.293754922954167e-08,0,3.293754922954167e-08,1
3.413754922954167e-08,1.000001095595682,3.413754922954167e-08,0,3.413754922954167e-08,1
3.506877461477084e-08,0.9999985120224057,3.506877461477084e-08,0,3.506877461477084e-08,1
3.6e-08,1.000001076431057,3.6e-08,0,3.6e-08,1
3.600039062500001e-08,1.001100392460473,3.600039062500001e-08,0.003906250000008565,3.600039062500001e-08,1
3.600117187500001e-08,1.003244770598402,3.600117187500001e-08,0.01171875000002569,3.600117187500001e-08,1
3.600273437500001e-08,1.00672009032494,3.600273437500001e-08,0.02734375000005996,3.600273437500001e-08,1
3.600524573895492e-08,1.01056164488981,3.600524573895492e-08,0.05245738954912514,3.600524573895492e-08,1
3.600959542500248e-08,1.0142266817999,3.600959542500248e-08,0.09595425002471861,3.600959542500248e-08,1
3.601644680211998e-08,1.016765070487437,3.601644680211998e-08,0.1644680211997302,3.601644680211998e-08,1
3.602504231002587e-08,1.018606532977004,3.602504231002587e-08,0.2504231002586625,3.602504231002587e-08,1
3.603688246958271e-08,1.021901002618764,3.603688246958271e-08,0.3688246958270891,3.603688246958271e-08,1
3.604857108774846e-08,1.020855870814135,3.604857108774846e-08,0.4857108774845911,3.604857108774846e-08,1
3.605415918424387e-08,1.009929164878335,3.605415918424387e-08,0.541591842438698,3.605415918424387e-08,1
3.605957979998346e-08,0.9769959218975721,3.605957979998346e-08,0.5957979998345334,3.605957979998346e-08,1
3.60656973587211e-08,0.8928246038289658,3.60656973587211e-08,0.6569735872109493,3.60656973587211e-08,1
3.607110025405824e-08,0.7642805505913098,3.607110025405824e-08,0.711002540582349,3.607110025405824e-08,1
3.607702522612839e-08,0.5558158221268811,3.607702522612839e-08,0.7702522612838831,3.607702522612839e-08,1
3.608290879859298e-08,0.2914617462993067,3.608290879859298e-08,0.8290879859297788,3.608290879859298e-08,1
3.608559257554471e-08,0.1714800918659688,3.608559257554471e-08,0.8559257554470702,3.608559257554471e-08,1
3.608648641953151e-08,0.1388737445655808,3.608648641953151e-08,0.8648641953150884,3.608648641953151e-08,1
3.608827410750512e-08,0.09108195681808937,3.608827410750512e-08,0.8827410750511249,3.608827410750512e-08,1
3.609042714895934e-08,0.05553765552759371,3.609042714895934e-08,0.9042714895933647,3.609042714895934e-08,1
3.609254448486077e-08,0.03536978852370842,3.609254448486077e-08,0.9254448486076337,3.609254448486077e-08,1
3.609511380538151e-08,0.022505101292317,3.609511380538151e-08,0.9511380538150643,3.609511380538151e-08,1
3.609762700257558e-08,0.0163551381684171,3.609762700257558e-08,0.9762700257557787,3.609762700257558e-08,1
3.610000000000001e-08,0.01351176895021532,3.610000000000001e-08,1,3.610000000000001e-08,1
3.610005104275417e-08,0.01333472378861012,3.610005104275417e-08,1,3.610005104275417e-08,1
3.61001531282625e-08,0.01297782050095778,3.61001531282625e-08,1,3.61001531282625e-08,1
3.610035729927917e-08,0.0122920852681025,3.610035729927917e-08,1,3.610035729927917e-08,1
3.61007656413125e-08,0.01103027975927825,3.61007656413125e-08,1,3.61007656413125e-08,1
3.610158232537916e-08,0.008884938287787334,3.610158232537916e-08,1,3.610158232537916e-08,1
3.610321569351249e-08,0.005762329243000912,3.610321569351249e-08,1,3.610321569351249e-08,1
3.610648242977914e-08,0.002369985793974554,3.610648242977914e-08,1,3.610648242977914e-08,1
3.611120681812575e-08,0.0006422540837371039,3.611120681812575e-08,1,3.611120681812575e-08,1
3.611762655659533e-08,0.0001287048039951488,3.611762655659533e-08,1,3.611762655659533e-08,1
3.612633781967826e-08,5.952608566480709e-05,3.612633781967826e-08,1,3.612633781967826e-08,1
3.614000787148853e-08,6.090600723316853e-05,3.614000787148853e-08,1,3.614000787148853e-08,1
3.616600473369031e-08,5.86288476410508e-05,3.616600473369031e-08,1,3.616600473369031e-08,1
3.621799845809389e-08,5.562078557838459e-05,3.621799845809389e-08,1,3.621799845809389e-08,1
3.632198590690104e-08,4.997822893477659e-05,3.632198590690104e-08,1,3.632198590690104e-08,1
3.652996080451533e-08,4.161664324334978e-05,3.652996080451533e-08,1,3.652996080451533e-08,1
3.694591059974392e-08,3.082619897158209e-05,3.694591059974392e-08,1,3.694591059974392e-08,1
3.75e-08,2.280842461970754e-05,3.75e-08,1,3.75e-08,1
3.75005859375e-08,-0.0001866614147594416,3.75005859375e-08,1,3.75005859375e-08,0.9960937499999805
3.75017578125e-08,-0.0005818146569253012,3.75017578125e-08,1,3.75017578125e-08,0.9882812499999633
3.750410156250001e-08,-0.001151618926025043,3.750410156250001e-08,1,3.750410156250001e-08,0.9726562499999291
3.750878906250002e-08,-0.00167295061005187,3.750878906250002e-08,1,3.750878906250002e-08,0.9414062499998604
3.751536607972543e-08,-0.001952238230433439,3.751536607972543e-08,1,3.751536607972543e-08,0.8975594684970848
3.752729026639351e-08,-0.00241317648900935,3.752729026639351e-08,1,3.752729026639351e-08,0.8180648907098983
3.754681491473677e-08,-0.003893640971682034,3.754681491473677e-08,1,3.754681491473677e-08,0.6879005684214928
3.755564546592462e-08,-0.005032438263244538,3.755564546592462e-08,1,3.755564546592462e-08,0.6290302271691843
3.757330656830031e-08,-0.00858239026582493,3.757330656830031e-08,1,3.757330656830031e-08,0.5112895446645672
3.758627984415047e-08,-0.01100013322587218,3.758627984415047e-08,1,3.758627984415047e-08,0.4248010389968414
3.759551132103673e-08,-0.008004667031358678,3.759551132103673e-08,1,3.759551132103673e-08,0.3632578597551046
3.760334007448025e-08,0.02554047936850955,3.760334007448025e-08,1,3.760334007448025e-08,0.3110661701316615
3.760952667642235e-08,0.1042404371051033,3.760952667642235e-08,1,3.760952667642235e-08,0.2698221571842989
3.761425201961363e-08,0.1994680345315835,3.761425201961363e-08,1,3.761425201961363e-08,0.2383198692424244
3.761861987976602e-08,0.3075419207845254,3.761861987976602e-08,1,3.761861987976602e-08,0.2092008015598363
3.762306286475661e-08,0.4394107555760136,3.762306286475661e-08,1,3.762306286475661e-08,0.1795809016225945
3.762706773416006e-08,0.573852479531357,3.762706773416006e-08,1,3.762706773416006e-08,0.1528817722662575
3.763014843081317e-08,0.6804340223986798,3.763014843081317e-08,1,3.763014843081317e-08,0.1323437945788193
3.763290881869068e-08,0.7660437225257057,3.763290881869068e-08,1,3.763290881869068e-08,0.1139412087288025
3.763617586006518e-08,0.8407775410421504,3.763617586006518e-08,1,3.763617586006518e-08,0.09216093289874916
3.763919264888494e-08,0.8877930049778554,3.763919264888494e-08,1,3.763919264888494e-08,0.0720490074337079
3.764294763482696e-08,0.9266159024632487,3.764294763482696e-08,1,3.764294763482696e-08,0.04701576782022987
3.764706864397772e-08,0.9529200026746926,3.764706864397772e-08,1,3.764706864397772e-08,0.01954237348181842
3.765e-08,0.9648928658628316,3.765e-08,1,3.765e-08,0
3.765008564920999e-08,0.96521388672454,3.765008564920999e-08,1,3.765008564920999e-08,0
3.765025694762998e-08,0.9658514574397576,3.765025694762998e-08,1,3.765025694762998e-08,0
3.765034259683997e-08,0.9661660010386462,3.765034259683997e-08,1,3.765034259683997e-08,0
3.765051389525996e-08,0.9667853797422707,3.765051389525996e-08,1,3.765051389525996e-08,0
3.765085649209994e-08,0.9679888889024453,3.765085649209994e-08,1,3.765085649209994e-08,0
3.765102779051993e-08,0.9685722192997414,3.765102779051993e-08,1,3.765102779051993e-08,0
3.765137038735991e-08,0.9697040730213049,3.765137038735991e-08,1,3.765137038735991e-08,0
3.765205558103987e-08,0.9718283142892588,3.765205558103987e-08,1,3.765205558103987e-08,0
3.765342596839978e-08,0.9755663054803636,3.765342596839978e-08,1,3.765342596839978e-08,0
3.76561667431196e-08,0.9813639500597086,3.76561667431196e-08,1,3.76561667431196e-08,0
3.766164829255925e-08,0.9884971577478301,3.766164829255925e-08,1,3.766164829255925e-08,0
3.766964194885956e-08,0.9933250363510471,3.766964194885956e-08,1,3.766964194885956e-08,0
3.767937666312285e-08,0.9957101218292871,3.767937666312285e-08,1,3.767937666312285e-08,0
3.769193460004931e-08,0.9969881531522773,3.769193460004931e-08,1,3.769193460004931e-08,0
3.770999389221424e-08,0.997894009580288,3.770999389221424e-08,1,3.770999389221424e-08,0
3.773789613422908e-08,0.9985863814303299,3.773789613422908e-08,1,3.773789613422908e-08,0
3.777359949693237e-08,0.999024915805903,3.777359949693237e-08,1,3.777359949693237e-08,0
3.782119975240726e-08,0.9993224278223176,3.782119975240726e-08,1,3.782119975240726e-08,0
3.788375526532042e-08,0.9995252864335801,3.788375526532042e-08,1,3.788375526532042e-08,0
3.796913571617378e-08,0.999667548506562,3.796913571617378e-08,1,3.796913571617378e-08,0
3.808459981312998e-08,0.9997679584479452,3.808459981312998e-08,1,3.808459981312998e-08,0
3.824218953737062e-08,0.9998333926957651,3.824218953737062e-08,1,3.824218953737062e-08,0
3.845680272388006e-08,0.9998856552238425,3.845680272388006e-08,1,3.845680272388006e-08,0
3.875121433316479e-08,0.9999167015990004,3.875121433316479e-08,1,3.875121433316479e-08,0
3.915576910006495e-08,0.9999441395467534,3.915576910006495e-08,1,3.915576910006495e-08,0
3.9714111892585e-08,0.9999581423909187,3.9714111892585e-08,1,3.9714111892585e-08,0
4.035705594629251e-08,0.9999717493648221,4.035705594629251e-08,1,4.035705594629251e-08,0
4.100000000000001e-08,0.9999750855730972,4.100000000000001e-08,1,4.100000000000001e-08,0
4.100039062500001e-08,0.9994509099622377,4.100039062500001e-08,0.99609374999995,4.100039062500001e-08,0
4.100117187500001e-08,0.9985032230351764,4.100117187500001e-08,0.9882812499999329,4.100117187500001e-08,0
4.100273437500002e-08,0.9971323619876802,4.100273437500002e-08,0.9726562499998986,4.100273437500002e-08,0
4.100585937500002e-08,0.9955768145694709,4.100585937500002e-08,0.9414062499998301,4.100585937500002e-08,0
4.101143293050516e-08,0.9944475833679971,4.101143293050516e-08,0.885670694948455,4.101143293050516e-08,0
4.101891819775943e-08,0.9939841359163548,4.101891819775943e-08,0.8108180224057129,4.101891819775943e-08,0
4.10303286954503e-08,0.9939156324368661,4.10303286954503e-08,0.6967130454970943,4.10303286954503e-08,0
4.105058682061108e-08,0.9962375843416136,4.105058682061108e-08,0.4941317938892588,4.105058682061108e-08,0
4.105496279919827e-08,0.9964316389193379,4.105496279919827e-08,0.4503720080173483,4.105496279919827e-08,0
4.106371475637265e-08,0.997166441211833,4.106371475637265e-08,0.3628524362735275,4.106371475637265e-08,0
4.107051357030634e-08,1.000567033030969,4.107051357030634e-08,0.2948642969367065,4.107051357030634e-08,0
4.107698868642362e-08,1.005952109534827,4.107698868642362e-08,0.230113135763895,4.107698868642362e-08,0
4.108361647609351e-08,1.008782292041784,4.108361647609351e-08,0.1638352390650044,4.108361647609351e-08,0
4.108566509083368e-08,1.007100512988146,4.108566509083368e-08,0.14334909166326,4.108566509083368e-08,0
4.108726603294818e-08,1.005292396662677,4.108726603294818e-08,0.1273396705182558,4.108726603294818e-08,0
4.108899425428968e-08,1.00248582036096,4.108899425428968e-08,0.1100574571032921,4.108899425428968e-08,0
4.109024479245726e-08,0.9984294394564207,4.109024479245726e-08,0.09755207542743438,4.109024479245726e-08,0
4.109169763723667e-08,0.9852414655580486,4.109169763723667e-08,0.08302362763334326,4.109169763723667e-08,0
4.109282905362946e-08,0.9653129101221207,4.109282905362946e-08,0.07170946370546871,4.109282905362946e-08,0
4.109409377719295e-08,0.9317107251885448,4.109409377719295e-08,0.05906222807051975,4.109409377719295e-08,0
4.109546436785431e-08,0.8861585643658627,4.109546436785431e-08,0.04535632145692625,4.109546436785431e-08,0
4.109686442606353e-08,0.8336138637924918,4.109686442606353e-08,0.03135573936480474,4.109686442606353e-08,0
4.109833990244219e-08,0.7732640871312131,4.109833990244219e-08,0.01660097557815143,4.109833990244219e-08,0
4.110000000000001e-08,0.6992705194552621,4.110000000000001e-08,0,4.110000000000001e-08,0
4.110004141179043e-08,0.6974430502145014,4.110004141179043e-08,0,4.110004141179043e-08,0
4.110012423537126e-08,0.6937813876767646,4.110012423537126e-08,0,4.110012423537126e-08,0
4.110028988253293e-08,0.6863859515648474,4.110028988253293e-08,0,4.110028988253293e-08,0
4.110062117685627e-08,0.6712983042963859,4.110062117685627e-08,0,4.110062117685627e-08,0
4.110128376550295e-08,0.6399295742972853,4.110128376550295e-08,0,4.110128376550295e-08,0
4.11026089427963e-08,0.5724581791325424,4.11026089427963e-08,0,4.11026089427963e-08,0
4.110525929738301e-08,0.4240908510040636,4.110525929738301e-08,0,4.110525929738301e-08,0
4.110813719871408e-08,0.2652727929319281,4.110813719871408e-08,0,4.110813719871408e-08,0
4.111048810707232e-08,0.1678523814975225,4.111048810707232e-08,0,4.111048810707232e-08,0
4.111253073573921e-08,0.1132475925977799,4.111253073573921e-08,0,4.111253073573921e-08,0
4.111553824312405e-08,0.0637593358710818,4.111553824312405e-08,0,4.111553824312405e-08,0
4.111801320949902e-08,0.04048710133783531,4.111801320949902e-08,0,4.111801320949902e-08,0
4.112101360127643e-08,0.02430844452583352,4.112101360127643e-08,0,4.112101360127643e-08,0
4.112446684681019e-08,0.01448319602800217,4.112446684681019e-08,0,4.112446684681019e-08,0
4.112860830242653e-08,0.008712816142215415,4.112860830242653e-08,0,4.112860830242653e-08,0
4.113380033081169e-08,0.005421372096475483,4.113380033081169e-08,0,4.113380033081169e-08,0
4.114058998413976e-08,0.003577410091130635,4.114058998413976e-08,0,4.114058998413976e-08,0
4.115005458648312e-08,0.002476441001201087,4.115005458648312e-08,0,4.115005458648312e-08,0
4.116412595523448e-08,0.00172687499897484,4.116412595523448e-08,0,4.116412595523448e-08,0
4.118561145781969e-08,0.001167704338734941,4.118561145781969e-08,0,4.118561145781969e-08,0
4.121293907716732e-08,0.0008155931588478137,4.121293907716732e-08,0,4.121293907716732e-08,0
4.12491618983357e-08,0.0005727865840733484,4.12491618983357e-08,0,4.12491618983357e-08,0
4.129695179937239e-08,0.0004060087007152509,4.129695179937239e-08,0,4.129695179937239e-08,0
4.136216201509402e-08,0.0002851368973924572,4.136216201509402e-08,0,4.136216201509402e-08,0
4.145008773324574e-08,0.000201005162969108,4.145008773324574e-08,0,4.145008773324574e-08,0
4.156952870437069e-08,0.0001424286554982491,4.156952870437069e-08,0,4.156952870437069e-08,0
4.173120652997024e-08,0.000100976612121989,4.173120652997024e-08,0,4.173120652997024e-08,0
4.19518757507835e-08,7.044271540868543e-05,4.19518757507835e-08,0,4.19518757507835e-08,0
4.225314468899716e-08,4.999334928128593e-05,4.225314468899716e-08,0,4.225314468899716e-08,0
4.266699798526777e-08,3.440045188867085e-05,4.266699798526777e-08,0,4.266699798526777e-08,0
4.323560901058434e-08,2.445877839312468e-05,4.323560901058434e-08,0,4.323560901058434e-08,0
4.402099633025276e-08,1.634438835598131e-05,4.402099633025276e-08,0,4.402099633025276e-08,0
4.499999999999999e-08,1.205717570834995e-05,4.499999999999999e-08,0,4.499999999999999e-08,0
4.500058593749999e-08,0.0001026334382734703,4.500058593749999e-08,0,4.500058593749999e-08,0.003906250000008565
4.50017578125e-08,0.0002353276858122165,4.50017578125e-08,0,4.50017578125e-08,0.0117187500000257
4.50041015625e-08,0.0003038860045617216,4.50041015625e-08,0,4.50041015625e-08,0.02734375000005996
4.500878906250001e-08,0.0002047149300568108,4.500878906250001e-08,0,4.500878906250001e-08,0.05859375000012848
4.501479665255441e-08,8.883787074809464e-05,4.501479665255441e-08,0,4.501479665255441e-08,0.09864435036279397
4.502441569045295e-08,5.552870082433948e-05,4.502441569045295e-08,0,4.502441569045295e-08,0.1627712696864125
4.504137215331976e-08,9.162841605752004e-05,4.504137215331976e-08,0,4.504137215331976e-08,0.2758143554651055
4.505298269069792e-08,0.0001272936921264104,4.505298269069792e-08,0,4.505298269069792e-08,0.3532179379862032
4.50627676747466e-08,0.0001157594574512995,4.50627676747466e-08,0,4.50627676747466e-08,0.4184511649774112
4.507147716667981e-08,-8.363203738411248e-05,4.507147716667981e-08,0,4.507147716667981e-08,0.4765144445321066
4.508202669363494e-08,-0.00107546952415953,4.508202669363494e-08,0,4.508202669363494e-08,0.5468446242329669
4.508990541782587e-08,-0.002984465498597099,4.508990541782587e-08,0,4.508990541782587e-08,0.5993694521725131
4.509725719651517e-08,-0.006062693771863251,4.509725719651517e-08,0,4.509725719651517e-08,0.6483813101012053
4.509934352955959e-08,-0.007234553504873136,4.509934352955959e-08,0,4.509934352955959e-08,0.6622901970639914
4.510351619564843e-08,-0.01012158330349881,4.510351619564843e-08,0,4.510351619564843e-08,0.6901079709895634
4.510674860034085e-08,-0.01296403109449018,4.510674860034085e-08,0,4.510674860034085e-08,0.7116573356057077
4.510986086920111e-08,-0.01647361995057265,4.510986086920111e-08,0,4.510986086920111e-08,0.7324057946741137
4.511383090481954e-08,-0.02291264740650221,4.511383090481954e-08,0,4.511383090481954e-08,0.7588726987969927
4.511727558468309e-08,-0.03115774070511947,4.511727558468309e-08,0,4.511727558468309e-08,0.7818372312206583
4.512003575945708e-08,-0.03929150151182328,4.512003575945708e-08,0,4.512003575945708e-08,0.8002383963805614
4.512344311118414e-08,-0.04864509913841795,4.512344311118414e-08,0,4.512344311118414e-08,0.8229540745610092
4.512583604398228e-08,-0.05392088516727857,4.512583604398228e-08,0,4.512583604398228e-08,0.8389069598819308
4.512837890197778e-08,-0.05507512400600959,4.512837890197778e-08,0,4.512837890197778e-08,0.8558593465185674
4.512974093693953e-08,-0.0476505689988659,4.512974093693953e-08,0,4.512974093693953e-08,0.864939579596915
4.513141086074038e-08,-0.01399118577319267,4.513141086074038e-08,0,4.513141086074038e-08,0.8760724049358899
4.513295417494517e-08,0.04711040160208498,4.513295417494517e-08,0,4.513295417494517e-08,0.886361166301175
4.513512732918752e-08,0.1699052121217758,4.513512732918752e-08,0,4.513512732918752e-08,0.9008488612501862
4.513725781843939e-08,0.3135590520577291,4.513725781843939e-08,0,4.513725781843939e-08,0.9150521229293355
4.513924158269872e-08,0.4533810439350447,4.513924158269872e-08,0,4.513924158269872e-08,0.9282772179915094
4.514135309439402e-08,0.5974750198778788,4.514135309439402e-08,0,4.514135309439402e-08,0.9423539626268735
4.514370284877279e-08,0.7333567884405322,4.514370284877279e-08,0,4.514370284877279e-08,0.9580189918186317
4.514583509607037e-08,0.8182390174437965,4.514583509607037e-08,0,4.514583509607037e-08,0.9722339738025425
4.514802568306003e-08,0.8738849158917977,4.514802568306003e-08,0,4.514802568306003e-08,0.9868378870669433
4.514999999999999e-08,0.9084234997009127,4.514999999999999e-08,0,4.514999999999999e-08,0.9999999999999869
4.515000889441258e-08,0.9085521396115828,4.515000889441258e-08,0,4.515000889441258e-08,1
4.515002668323776e-08,0.9088105124366651,4.515002668323776e-08,0,4.515002668323776e-08,1
4.515003557765036e-08,0.9089400716098388,4.515003557765036e-08,0,4.515003557765036e-08,1
4.515005336647554e-08,0.9091980915118423,4.515005336647554e-08,0,4.515005336647554e-08,1
4.51500889441259e-08,0.9097123241292508,4.51500889441259e-08,0,4.51500889441259e-08,1
4.515016009942664e-08,0.9107327548383596,4.515016009942664e-08,0,4.515016009942664e-08,1
4.51503024100281e-08,0.9127338606595895,4.51503024100281e-08,0,4.51503024100281e-08,1
4.515037356532883e-08,0.9137180606467339,4.515037356532883e-08,0,4.515037356532883e-08,1
4.515051587593029e-08,0.9156527692090201,4.515051587593029e-08,0,4.515051587593029e-08,1
4.515080049713321e-08,0.919391605887193,4.515080049713321e-08,0,4.515080049713321e-08,1
4.515136973953906e-08,0.9263771837537067,4.515136973953906e-08,0,4.515136973953906e-08,1
4.515250822435075e-08,0.9385942324329067,4.515250822435075e-08,0,4.515250822435075e-08,1
4.515478519397414e-08,0.9573908222243933,4.515478519397414e-08,0,4.515478519397414e-08,1
4.515870891567463e-08,0.9776161217091189,4.515870891567463e-08,0,4.515870891567463e-08,1
4.516315222091971e-08,0.989343525666321,4.516315222091971e-08,0,4.516315222091971e-08,1
4.516838745498278e-08,0.9956553382801379,4.516838745498278e-08,0,4.516838745498278e-08,1
4.517460002551845e-08,0.9985567786117903,4.517460002551845e-08,0,4.517460002551845e-08,1
4.518259418854087e-08,0.9996789857453067,4.518259418854087e-08,0,4.518259418854087e-08,1
4.519339058644699e-08,0.999997957726344,4.519339058644699e-08,0,4.519339058644699e-08,1
4.520917371684685e-08,0.9999994635984846,4.520917371684685e-08,0,4.520917371684685e-08,1
4.523604373150943e-08,1.00000055326796,4.523604373150943e-08,0,4.523604373150943e-08,1
4.528667901196889e-08,0.9999993946574023,4.528667901196889e-08,0,4.528667901196889e-08,1
4.538794957288783e-08,1.000000572024143,4.538794957288783e-08,0,4.538794957288783e-08,1
4.559049069472571e-08,0.999999405163839,4.559049069472571e-08,0,4.559049069472571e-08,1
4.579524534736285e-08,1.000000559383177,4.579524534736285e-08,0,4.579524534736285e-08,1
4.6e-08,0.9999994195428357,4.6e-08,0,4.6e-08,1
4.6000390625e-08,1.001128718626228,4.6000390625e-08,0.003906250000008565,4.6000390625e-08,1
4.6001171875e-08,1.003255854580171,4.6001171875e-08,0.01171875000002569,4.6001171875e-08,1
4.600273437500001e-08,1.006716471579386,4.600273437500001e-08,0.02734375000005996,4.600273437500001e-08,1
4.600585937500001e-08,1.011286876118404,4.600585937500001e-08,0.05859375000012847,4.600585937500001e-08,1
4.601124455165846e-08,1.01510463411295,4.601124455165846e-08,0.11244551658461,4.601124455165846e-08,1
4.601846481135565e-08,1.017228718117973,4.601846481135565e-08,0.1846481135565108,4.601846481135565e-08,1
4.6027589938017e-08,1.019199807488146,4.6027589938017e-08,0.275899380170012,4.6027589938017e-08,1
4.604034931615049e-08,1.022853049005072,4.604034931615049e-08,0.4034931615048924,4.604034931615049e-08,1
4.604705481769816e-08,1.023006298951792,4.604705481769816e-08,0.4705481769815583,4.604705481769816e-08,1
4.605334206613943e-08,1.013473034656287,4.605334206613943e-08,0.5334206613943316,4.605334206613943e-08,1
4.605912208321925e-08,0.9818392487742958,4.605912208321925e-08,0.5912208321925321,4.605912208321925e-08,1
4.606534478166415e-08,0.9000706006016714,4.606534478166415e-08,0.6534478166414377,4.606534478166415e-08,1
4.607075229516056e-08,0.7752152160731076,4.607075229516056e-08,0.7075229516056317,4.607075229516056e-08,1
4.607668736395903e-08,0.5711471844516104,4.607668736395903e-08,0.7668736395902361,4.607668736395903e-08,1
4.608257821432583e-08,0.3208385591061239,4.608257821432583e-08,0.8257821432582458,4.608257821432583e-08,1
4.608390076358229e-08,0.2646469653245074,4.608390076358229e-08,0.8390076358228572,4.608390076358229e-08,1
4.608654586209521e-08,0.1748584519610483,4.608654586209521e-08,0.8654586209520799,4.608654586209521e-08,1
4.60888549428449e-08,0.1282294449661446,4.60888549428449e-08,0.8885494284489523,4.60888549428449e-08,1
4.609161336378938e-08,0.09807675796293061,4.609161336378938e-08,0.9161336378937883,4.609161336378938e-08,1
4.609372258794602e-08,0.081929196008672,4.609372258794602e-08,0.9372258794601471,4.609372258794602e-08,1
4.609626553939466e-08,0.06481182510453094,4.609626553939466e-08,0.9626553939466189,4.609626553939466e-08,1
4.609813276969733e-08,0.05393044022112745,4.609813276969733e-08,0.9813276969733139,4.609813276969733e-08,1
4.61e-08,0.04478851405612102,4.61e-08,1,4.61e-08,1
4.610004695316135e-08,0.0444561209615186,4.610004695316135e-08,1,4.610004695316135e-08,1
4.610014085948404e-08,0.04378957858230684,4.610014085948404e-08,1,4.610014085948404e-08,1
4.610032867212943e-08,0.04249190569076611,4.610032867212943e-08,1,4.610032867212943e-08,1
4.61007042974202e-08,0.04003388553294098,4.61007042974202e-08,1,4.61007042974202e-08,1
4.610145554800174e-08,0.03560794534971314,4.610145554800174e-08,1,4.610145554800174e-08,1
4.610295804916482e-08,0.02837734674577838,4.610295804916482e-08,1,4.610295804916482e-08,1
4.610596305149097e-08,0.01851707501331487,4.610596305149097e-08,1,4.610596305149097e-08,1
4.611037228908466e-08,0.01074203136225486,4.611037228908466e-08,1,4.611037228908466e-08,1
4.611599348854074e-08,0.006291103474635354,4.611599348854074e-08,1,4.611599348854074e-08,1
4.612286758672656e-08,0.004084289216796722,4.612286758672656e-08,1,4.612286758672656e-08,1
4.613202444153387e-08,0.002780361812658648,4.613202444153387e-08,1,4.613202444153387e-08,1
4.614501758229145e-08,0.001941919626384102,4.614501758229145e-08,1,4.614501758229145e-08,1
4.616299606016557e-08,0.001337227849429488,4.616299606016557e-08,1,4.616299606016557e-08,1
4.618728676294463e-08,0.0009360314391257963,4.618728676294463e-08,1,4.618728676294463e-08,1
4.621931233869855e-08,0.000655542802271931,4.621931233869855e-08,1,4.621931233869855e-08,1
4.626227453491433e-08,0.0004650274605050109,4.626227453491433e-08,1,4.626227453491433e-08,1
4.632010884891162e-08,0.0003252620878428817,4.632010884891162e-08,1,4.632010884891162e-08,1
4.639834508263369e-08,0.0002311510054395243,4.639834508263369e-08,1,4.639834508263369e-08,1
4.650418015048233e-08,0.0001601260310971086,4.650418015048233e-08,1,4.650418015048233e-08,1
4.664775427251964e-08,0.0001142730735213064,4.664775427251964e-08,1,4.664775427251964e-08,1
4.684316884597631e-08,7.763313917585734e-05,4.684316884597631e-08,1,4.684316884597631e-08,1
4.711000987435512e-08,5.583025854095691e-05,4.711000987435512e-08,1,4.711000987435512e-08,1
4.747569089047347e-08,3.634797488606058e-05,4.747569089047347e-08,1,4.747569089047347e-08,1
4.797811791203524e-08,2.656791802992416e-05,4.797811791203524e-08,1,4.797811791203524e-08,1
4.867071636421734e-08,1.567668522342727e-05,4.867071636421734e-08,1,4.867071636421734e-08,1
4.962748513573204e-08,1.191799086372075e-05,4.962748513573204e-08,1,4.962748513573204e-08,1
5.031374256786603e-08,7.07090801206866e-06,5.031374256786603e-08,1,5.031374256786603e-08,1
5.100000000000001e-08,7.560488134399921e-06,5.100000000000001e-08,1,5.100000000000001e-08,1
5.100039062500001e-08,-0.001046965403069496,5.100039062500001e-08,0.99609374999995,5.100039062500001e-08,1
5.100117187500001e-08,-0.002963768197956096,5.100117187500001e-08,0.9882812499999329,5.100117187500001e-08,1
5.100273437500001e-08,-0.005770469200741412,5.100273437500001e-08,0.9726562499998986,5.100273437500001e-08,1
5.100585937500002e-08,-0.008822560980046135,5.100585937500002e-08,0.9414062499998301,5.100585937500002e-08,1
5.101066333508452e-08,-0.01061374846734031,5.101066333508452e-08,0.8933666491548147,5.101066333508452e-08,1
5.101703349975276e-08,-0.01169147994135744,5.101703349975276e-08,0.8296650024724163,5.101703349975276e-08,1
5.10257556509602e-08,-0.01338727984876311,5.10257556509602e-08,0.7424434903980256,5.10257556509602e-08,1
5.103965904019649e-08,-0.01841216727790153,5.103965904019649e-08,0.6034095980351182,5.103965904019649e-08,1
5.104563321310787e-08,-0.02013768065280027,5.104563321310787e-08,0.5436678689213312,5.104563321310787e-08,1
5.105308749342146e-08,-0.01146576465142809,5.105308749342146e-08,0.4691250657854311,5.105308749342146e-08,1
5.105875727765069e-08,0.01837459866674671,5.105875727765069e-08,0.412427223493131,5.105875727765069e-08,1
5.106506824408859e-08,0.1052087518099544,5.106506824408859e-08,0.3493175591141531,5.106506824408859e-08,1
5.107015559698605e-08,0.2260783314102938,5.107015559698605e-08,0.2984440301395422,5.107015559698605e-08,1
5.107596262628846e-08,0.4215552399316234,5.107596262628846e-08,0.2403737371154272,5.107596262628846e-08,1
5.108038319915978e-08,0.6027535547078918,5.108038319915978e-08,0.1961680084021835,5.108038319915978e-08,1
5.108514759160527e-08,0.7959198286628069,5.108514759160527e-08,0.1485240839473642,5.108514759160527e-08,1
5.108603557319749e-08,0.8267638216983801,5.108603557319749e-08,0.1396442680251746,5.108603557319749e-08,1
5.108781153638192e-08,0.8739140056656844,5.108781153638192e-08,0.1218846361807956,5.108781153638192e-08,1
5.108994883591891e-08,0.9097391766109603,5.108994883591891e-08,0.1005116408108758,5.108994883591891e-08,1
5.109277488191404e-08,0.9384671048273842,5.109277488191404e-08,0.0722511808596682,5.109277488191404e-08,1
5.109526588526118e-08,0.9542586226314311,5.109526588526118e-08,0.04734114738826833,5.109526588526118e-08,1
5.109763294263059e-08,0.9639841170702858,5.109763294263059e-08,0.02367057369407588,5.109763294263059e-08,1
5.110000000000001e-08,0.9704984384653779,5.110000000000001e-08,0,5.110000000000001e-08,1
5.110006683189049e-08,0.9708269699127455,5.110006683189049e-08,0,5.110006683189049e-08,1
5.110020049567145e-08,0.9714895468145411,5.110020049567145e-08,0,5.110020049567145e-08,1
5.110026732756193e-08,0.9718160169090249,5.110026732756193e-08,0,5.110026732756193e-08,1
5.110040099134289e-08,0.9724551556926879,5.110040099134289e-08,0,5.110040099134289e-08,1
5.110066831890482e-08,0.9736914939985736,5.110066831890482e-08,0,5.110066831890482e-08,1
5.110120297402866e-08,0.9759948565299547,5.110120297402866e-08,0,5.110120297402866e-08,1
5.110227228427636e-08,0.9800079808784019,5.110227228427636e-08,0,5.110227228427636e-08,1
5.110441090477175e-08,0.9861331631323803,5.110441090477175e-08,0,5.110441090477175e-08,1
5.110868814576252e-08,0.9934237115194336,5.110868814576252e-08,0,5.110868814576252e-08,1
5.111014949639671e-08,0.9948321436566281,5.111014949639671e-08,0,5.111014949639671e-08,1
5.111307219766508e-08,0.9968244142534236,5.111307219766508e-08,0,5.111307219766508e-08,1
5.111453354829926e-08,0.9974987400598658,5.111453354829926e-08,0,5.111453354829926e-08,1
5.111745624956763e-08,0.9984559970311536,5.111745624956763e-08,0,5.111745624956763e-08,1
5.112330165210437e-08,0.99944485938226,5.112330165210437e-08,0,5.112330165210437e-08,1
5.113499245717785e-08,0.9999819083368577,5.113499245717785e-08,0,5.113499245717785e-08,1
5.115207445691319e-08,1.000002290631743,5.115207445691319e-08,0,5.115207445691319e-08,1
5.117778982588431e-08,0.9999992211358426,5.117778982588431e-08,0,5.117778982588431e-08,1
5.122359093960813e-08,1.000000006636488,5.122359093960813e-08,0,5.122359093960813e-08,1
5.131519316705579e-08,0.9999997164162305,5.131519316705579e-08,0,5.131519316705579e-08,1
5.149839762195109e-08,0.9999998469566377,5.149839762195109e-08,0,5.149839762195109e-08,1
5.186480653174171e-08,0.9999997826498198,5.186480653174171e-08,0,5.186480653174171e-08,1
5.249999999999999e-08,0.9999998152743765,5.249999999999999e-08,0,5.249999999999999e-08,1
5.250058593749999e-08,0.9999612834680202,5.250058593749999e-08,0,5.250058593749999e-08,0.9960937500000245
5.250175781249999e-08,0.9998988679598922,5.250175781249999e-08,0,5.250175781249999e-08,0.9882812500000074
5.25041015625e-08,0.9998440146254343,5.25041015625e-08,0,5.25041015625e-08,0.9726562499999731
5.250878906250001e-08,0.9998599113572373,5.250878906250001e-08,0,5.250878906250001e-08,0.9414062499999046
5.251446427542088e-08,0.99991862136605,5.251446427542088e-08,0,5.251446427542088e-08,0.9035714971940731
5.252581470126263e-08,0.9999565823077939,5.252581470126263e-08,0,5.252581470126263e-08,0.8279019915824103
5.254447150792937e-08,0.9999196652132625,5.254447150792937e-08,0,5.254447150792937e-08,0.70352328047079
5.25550137094694e-08,0.999894174615013,5.25550137094694e-08,0,5.25550137094694e-08,0.6332419368706086
5.256744830028589e-08,0.9999727535448134,5.256744830028589e-08,0,5.256744830028589e-08,0.5503446647607069
5.257642891582166e-08,1.000342457745195,5.257642891582166e-08,0,5.257642891582166e-08,0.4904738945221995
5.258761465674372e-08,1.001961888441549,5.258761465674372e-08,0,5.258761465674372e-08,0.4159022883751233
5.259545022867024e-08,1.004540390296066,5.259545022867024e-08,0,5.259545022867024e-08,0.363665142198332
5.260289706312722e-08,1.008790884996951,5.260289706312722e-08,0,5.260289706312722e-08,0.3140195791517932
5.260637916322032e-08,1.011639693831925,5.260637916322032e-08,0,5.260637916322032e-08,0.2908055785311656
5.260753882665492e-08,1.012760711479655,5.260753882665492e-08,0,5.260753882665492e-08,0.2830744889671597
5.260985815352412e-08,1.015489792540039,5.260985815352412e-08,0,5.260985815352412e-08,0.2676123098391477
5.261306466072136e-08,1.020489941835534,5.261306466072136e-08,0,5.261306466072136e-08,0.2462355951909009
5.261615750986696e-08,1.025926539809802,5.261615750986696e-08,0,5.261615750986696e-08,0.2256166008868616
5.261958117885625e-08,1.025889551454971,5.261958117885625e-08,0,5.261958117885625e-08,0.2027921409582539
5.262400004804665e-08,0.9910621466918617,5.262400004804665e-08,0,5.262400004804665e-08,0.1733330130222879
5.262742415771173e-08,0.9237695657774758,5.262742415771173e-08,0,5.262742415771173e-08,0.1505056152551055
5.263111667355363e-08,0.8121626862338786,5.263111667355363e-08,0,5.263111667355363e-08,0.1258888429757775
5.263443600060322e-08,0.6785001573353027,5.263443600060322e-08,0,5.263443600060322e-08,0.1037599959784811
5.263793330017842e-08,0.5006666973801387,5.263793330017842e-08,0,5.263793330017842e-08,0.0804446654771177
5.264081145718772e-08,0.3382656477352484,5.264081145718772e-08,0,5.264081145718772e-08,0.06125695208182624
5.264292902043193e-08,0.2300411124626087,5.264292902043193e-08,0,5.264292902043193e-08,0.04713986378705093
5.264520394744017e-08,0.1475873018377852,5.264520394744017e-08,0,5.264520394744017e-08,0.0319736837321617
5.264723883119211e-08,0.09987306195915992,5.264723883119211e-08,0,5.264723883119211e-08,0.01840779205253162
5.264861941559605e-08,0.07700031175638411,5.264861941559605e-08,0,5.264861941559605e-08,0.009203896026310998
5.264999999999999e-08,0.05968685703477943,5.264999999999999e-08,0,5.264999999999999e-08,4.618527782440651e-14
5.265001078581564e-08,0.05957197306294707,5.265001078581564e-08,0,5.265001078581564e-08,0
5.265003235744695e-08,0.05934335142918448,5.265003235744695e-08,0,5.265003235744695e-08,0
5.265007550070958e-08,0.05888923543644101,5.265007550070958e-08,0,5.265007550070958e-08,0
5.265016178723482e-08,0.05799148581434994,5.265016178723482e-08,0,5.265016178723482e-08,0
5.265020493049745e-08,0.05754918644831604,5.265020493049745e-08,0,5.265020493049745e-08,0
5.265029121702269e-08,0.05667420724704202,5.265029121702269e-08,0,5.265029121702269e-08,0
5.265046379007319e-08,0.0549681171340542,5.265046379007319e-08,0,5.265046379007319e-08,0
5.265080893617418e-08,0.05172221738989616,5.265080893617418e-08,0,5.265080893617418e-08,0
5.265149922837615e-08,0.04584419295865396,5.265149922837615e-08,0,5.265149922837615e-08,0
5.265184437447714e-08,0.04319189877352815,5.265184437447714e-08,0,5.265184437447714e-08,0
5.265253466667912e-08,0.03839039589841245,5.265253466667912e-08,0,5.265253466667912e-08,0
5.265391525108307e-08,0.03050029186452139,5.265391525108307e-08,0,5.265391525108307e-08,0
5.265667641989098e-08,0.01972551382687449,5.265667641989098e-08,0,5.265667641989098e-08,0
5.266099349141598e-08,0.01087679846813872,5.266099349141598e-08,0,5.266099349141598e-08,0
5.266604910447302e-08,0.006432314596610589,5.266604910447302e-08,0,5.266604910447302e-08,0
5.267224944167783e-08,0.004139149181543521,5.267224944167783e-08,0,5.267224944167783e-08,0
5.26803194924079e-08,0.002859330986298883,5.26803194924079e-08,0,5.26803194924079e-08,0
5.269226960855957e-08,0.00199831416160144,5.269226960855957e-08,0,5.269226960855957e-08,0
5.271114456440407e-08,0.001352601550839303,5.271114456440407e-08,0,5.271114456440407e-08,0
5.27359050356501e-08,0.0009353347937578675,5.27359050356501e-08,0,5.27359050356501e-08,0
5.276840269227081e-08,0.0006562526023379967,5.276840269227081e-08,0,5.276840269227081e-08,0
5.281105738363171e-08,0.0004632796128774808,5.281105738363171e-08,0,5.281105738363171e-08,0
5.286894362873949e-08,0.0003276701586485892,5.286894362873949e-08,0,5.286894362873949e-08,0
5.294717379303641e-08,0.0002319582789580434,5.294717379303641e-08,0,5.294717379303641e-08,0
5.305324913702674e-08,0.0001624968408878505,5.305324913702674e-08,0,5.305324913702674e-08,0
5.319686657499319e-08,0.0001149973862899928,5.319686657499319e-08,0,5.319686657499319e-08,0
5.339232618851814e-08,8.008133221094501e-05,5.339232618851814e-08,0,5.339232618851814e-08,0
5.365914993280161e-08,5.660724756179942e-05,5.365914993280161e-08,0,5.365914993280161e-08,0
5.402479822742315e-08,3.883646949777566e-05,5.402479822742315e-08,0,5.402479822742315e-08,0
5.452723591477471e-08,2.736760352765235e-05,5.452723591477471e-08,0,5.452723591477471e-08,0
5.521964562661523e-08,1.81759496528896e-05,5.521964562661523e-08,0,5.521964562661523e-08,0
5.6e-08,1.358740990780264e-05,5.6e-08,0,5.6e-08,0
5.6000390625e-08,0.0005725499032477237,5.6000390625e-08,0.003906250000008565,5.6000390625e-08,0
5.6001171875e-08,0.001557345634404634,5.6001171875e-08,0.01171875000002569,5.6001171875e-08,0
5.6002734375e-08,0.002897378957702462,5.6002734375e-08,0.02734375000005996,5.6002734375e-08,0
5.600585937500001e-08,0.004205245838670823,5.600585937500001e-08,0.05859375000012847,5.600585937500001e-08,0
5.601158696239901e-08,0.004818019655361079,5.601158696239901e-08,0.1158696239900747,5.601158696239901e-08,0
5.601940957000352e-08,0.004833560477611278,5.601940957000352e-08,0.1940957000351922,5.601940957000352e-08,0
5.603096142948413e-08,0.00475948042743094,5.603096142948413e-08,0.3096142948413132,5.603096142948413e-08,0
5.604969314161835e-08,0.005023350953740941,5.604969314161835e-08,0.4969314161835197,5.604969314161835e-08,0
5.605500109036439e-08,0.0059445074697532,5.605500109036439e-08,0.5500109036439292,5.605500109036439e-08,0
5.606180730116767e-08,0.006498787993099522,5.606180730116767e-08,0.6180730116767191,5.606180730116767e-08,0
5.606919787613751e-08,0.006037159693870428,5.606919787613751e-08,0.6919787613751425,5.606919787613751e-08,0
5.607545978866381e-08,0.003162571481810374,5.607545978866381e-08,0.7545978866381066,5.607545978866381e-08,0
5.608168541817096e-08,-0.00312880442100275,5.608168541817096e-08,0.8168541817096369,5.608168541817096e-08,0
5.608825120315802e-08,0.02245003795132627,5.608825120315802e-08,0.8825120315802456,5.608825120315802e-08,0
5.60931800457284e-08,0.1079147256925674,5.60931800457284e-08,0.9318004572840116,5.60931800457284e-08,0
5.609679157139143e-08,0.2125455771364068,5.609679157139143e-08,0.9679157139143297,5.609679157139143e-08,0
5.609839578569571e-08,0.2660463029372102,5.609839578569571e-08,0.9839578569571362,5.609839578569571e-08,0
5.61e-08,0.3243243496570268,5.61e-08,1,5.61e-08,0
5.610016793430738e-08,0.3304308855246713,5.610016793430738e-08,1,5.610016793430738e-08,0
5.610025190146107e-08,0.3335118488941115,5.610025190146107e-08,1,5.610025190146107e-08,0
5.610041983576845e-08,0.3397584776446307,5.610041983576845e-08,1,5.610041983576845e-08,0
5.610075570438321e-08,0.3525994400405569,5.610075570438321e-08,1,5.610075570438321e-08,0
5.610142744161274e-08,0.3797302538120956,5.610142744161274e-08,1,5.610142744161274e-08,0
5.610277091607179e-08,0.4399001723672027,5.610277091607179e-08,1,5.610277091607179e-08,0
5.610545786498988e-08,0.5745629137767717,5.610545786498988e-08,1,5.610545786498988e-08,0
5.610790763997351e-08,0.695529897382889,5.610790763997351e-08,1,5.610790763997351e-08,0
5.61101893529901e-08,0.7859439513577867,5.61101893529901e-08,1,5.61101893529901e-08,0
5.61123720670594e-08,0.8452644827621647,5.61123720670594e-08,1,5.61123720670594e-08,0
5.611531803666347e-08,0.8967005600914663,5.611531803666347e-08,1,5.611531803666347e-08,0
5.611813245382466e-08,0.9281790009380991,5.611813245382466e-08,1,5.611813245382466e-08,0
5.612111419614574e-08,0.9502630501953928,5.612111419614574e-08,1,5.612111419614574e-08,0
5.612488724670412e-08,0.9678903572324247,5.612488724670412e-08,1,5.612488724670412e-08,0
5.612959179783017e-08,0.9804822490050689,5.612959179783017e-08,1,5.612959179783017e-08,0
5.613525648912886e-08,0.9883192033560957,5.613525648912886e-08,1,5.613525648912886e-08,0
5.614225992207763e-08,0.9928812415974242,5.614225992207763e-08,1,5.614225992207763e-08,0
5.615113005360656e-08,0.9953867570232743,5.615113005360656e-08,1,5.615113005360656e-08,0
5.616300812313584e-08,0.9968207911690029,5.616300812313584e-08,1,5.616300812313584e-08,0
5.617991101546159e-08,0.9977658558264914,5.617991101546159e-08,1,5.617991101546159e-08,0
5.620624312397861e-08,0.9984901258804193,5.620624312397861e-08,1,5.620624312397861e-08,0
5.624038305284987e-08,0.9989670813258318,5.624038305284987e-08,1,5.624038305284987e-08,0
5.628609237094827e-08,0.9992817771210747,5.628609237094827e-08,1,5.628609237094827e-08,0
5.634542061503578e-08,0.999496584353157,5.634542061503578e-08,1,5.634542061503578e-08,0
5.642655495879874e-08,0.9996469680342218,5.642655495879874e-08,1,5.642655495879874e-08,0
5.653656991733002e-08,0.9997489130186376,5.653656991733002e-08,1,5.653656991733002e-08,0
5.668641846192902e-08,0.999827447655579,5.668641846192902e-08,1,5.668641846192902e-08,0
5.689032528266948e-08,0.9998750481849747,5.689032528266948e-08,1,5.689032528266948e-08,0
5.716957165591192e-08,0.9999150658399386,5.716957165591192e-08,1,5.716957165591192e-08,0
5.755342165407496e-08,0.9999373975229563,5.755342165407496e-08,1,5.755342165407496e-08,0
5.808275380204694e-08,0.9999586960291642,5.808275380204694e-08,1,5.808275380204694e-08,0
5.881429359634662e-08,0.9999685079630487,5.881429359634662e-08,1,5.881429359634662e-08,0
5.94071467981733e-08,0.9999772120042983,5.94071467981733e-08,1,5.94071467981733e-08,0
5.999999999999999e-08,0.9999787095421038,5.999999999999999e-08,1,5.999999999999999e-08,0
